numero,agencia,saldo,modalidade,data_abertura
22377395-5,9627,4400.82,regular,2016-06-09
54870566-X,3391,2812.4,regular,2017-02-26
39250278-1,7760,2210.32,regular,2023-08-26
48834558-8,8472,477.16,regular,2017-10-15
77337491-X,3483,3740.08,regular,2025-04-23
74962702-3,9628,2070.88,regular,2020-01-31
67924946-1,9984,225989.51,business,2014-08-17
31567122-5,6764,2373.18,regular,2017-03-13
93796733-1,7508,420299.75,business,2015-10-18
97800282-1,1241,4669.02,regular,2021-08-28
15914337-6,3223,80603.04,vip,2020-02-10
15553932-6,8538,99557.97,vip,2023-01-16
97656995-8,3995,1615.21,regular,2020-01-04
33332194-7,8631,593.11,regular,2026-12-15
31202048-2,5559,690.52,regular,2015-05-13
83922734-5,3832,10294.46,vip,2025-05-01
67692547-X,6822,74742.39,vip,2025-02-06
28141707-X,1810,3399.35,regular,2017-02-09
64879437-3,5304,3971.2,regular,2020-05-27
05564258-X,2483,4788.68,regular,2018-12-10
32362943-4,9820,2069.85,regular,2010-12-18
68278531-9,3510,4929.05,regular,2021-11-25
43634982-7,1571,4272.62,regular,2024-04-25
23809533-6,6524,78156.33,business,2023-04-02
42510211-5,6256,2940.99,regular,2010-12-01
93399889-1,6764,239.23,regular,2026-06-19
10402198-1,7479,1870.29,regular,2020-06-02
66564274-9,3650,3943.93,regular,2013-01-26
79725167-6,5708,2873.13,regular,2014-09-15
45394050-X,7596,1421.95,regular,2026-11-29
18492409-3,4032,3808.46,regular,2018-09-26
73046399-X,7514,4501.84,regular,2018-07-22
16166074-2,6822,1444.61,regular,2016-06-08
65283271-8,1899,59088.1,vip,2023-12-12
45978650-6,9984,3888.9,regular,2026-12-08
51943559-X,3995,1083.51,regular,2011-03-29
57839944-5,4635,3939.21,regular,2020-04-12
08868450-7,8631,1074.04,regular,2018-01-08
04215235-6,9746,76935.85,vip,2015-04-06
15943356-1,3391,4923.26,regular,2010-02-05
15818959-X,7659,11.57,regular,2010-11-06
23879014-8,8785,274058.33,business,2023-08-19
37721733-6,8687,1934.87,regular,2026-10-31
27724191-6,6920,4832.63,regular,2022-08-01
30490290-5,2488,260.3,regular,2011-05-09
22931200-X,6730,54250.28,vip,2012-07-24
71450253-5,5801,1272.55,regular,2026-07-31
88192008-1,2488,59782.55,vip,2012-01-22
00758259-1,3832,2185.12,regular,2020-07-03
66504256-8,3940,4636.94,regular,2010-07-05
02447789-X,9938,89590.62,vip,2025-02-01
78229626-2,3483,2343.72,regular,2012-11-29
45577479-3,9938,2497.75,regular,2015-03-31
73584479-1,1571,710.6,regular,2013-04-07
54965062-3,4076,470142.42,business,2013-12-15
78165065-5,2370,2180.76,regular,2010-09-25
56738790-8,3510,3575.12,regular,2016-03-20
62406798-2,1783,721.24,regular,2018-12-23
51235579-3,9384,3937.17,regular,2022-09-27
14037745-2,1214,1983.27,regular,2025-01-15
48787215-2,1641,42036.82,vip,2019-09-21
09808533-1,3995,75609.79,vip,2024-09-13
74317119-6,6375,303494.05,business,2026-12-28
00065812-6,1641,13497.76,vip,2013-12-09
30268311-X,9984,4792.7,regular,2013-12-16
82550844-1,9174,656.63,regular,2020-09-14
50871404-9,3510,16941.44,vip,2013-12-08
85089963-3,3801,2676.43,regular,2020-10-20
77924500-8,9398,1606.98,regular,2024-07-25
98676634-5,1214,1294.43,regular,2022-08-25
47736944-6,2817,4106.53,regular,2014-03-25
69422918-X,4032,3680.65,regular,2013-08-17
91327379-X,5929,2481.55,regular,2021-07-18
11844163-7,9938,407.7,regular,2013-09-16
39047889-3,1214,4024.01,regular,2015-01-26
19513945-3,7601,3377.53,regular,2025-03-27
83946892-5,2745,2087.86,regular,2015-07-26
46943951-X,6784,3202.54,regular,2018-10-11
89294996-8,7760,726.2,regular,2022-09-25
68401150-1,4881,2124.48,regular,2017-11-12
05759057-5,7750,3994.46,regular,2026-05-22
19853993-1,7224,2400.82,regular,2017-07-02
21967594-4,7659,2851.8,regular,2023-01-27
07810483-2,3510,2998.3,regular,2025-10-29
45449947-X,6499,1797.01,regular,2016-10-17
38500129-7,5478,3264.09,regular,2011-09-30
95010866-X,5644,654.97,regular,2018-07-03
25726305-X,7479,4627.15,regular,2025-10-06
45156754-3,9627,171.52,regular,2020-10-26
53987596-X,9214,4640.69,regular,2024-01-27
92187862-4,9746,2568.19,regular,2013-07-25
77466799-6,7596,894.22,regular,2010-08-28
59197352-X,4076,2946.45,regular,2013-12-24
92771525-5,2786,38870.44,vip,2021-04-01
29189874-3,5541,3224.16,regular,2021-04-15
67851973-X,7601,24924.85,vip,2015-10-14
73709803-3,7508,2917.55,regular,2021-01-04
98569820-1,9824,4404.62,regular,2021-07-31
94596808-5,6370,1679.48,regular,2017-11-24
68793883-X,7581,1403.81,regular,2013-03-13
19931243-4,9398,528.82,regular,2014-03-05
24817966-4,7581,1972.48,regular,2017-08-29
89218949-7,3483,795.81,regular,2025-10-13
35805467-5,2853,948.89,regular,2022-07-27
61348850-X,9599,3347.65,regular,2017-04-25
41271438-X,1810,541.56,regular,2017-03-13
15762299-X,4076,53044.98,vip,2010-07-17
45059727-7,5508,3624.03,regular,2021-06-11
49992111-1,7556,2656.66,regular,2018-09-13
44467762-9,4032,3214.06,regular,2015-08-16
87853321-3,2370,234.56,regular,2010-11-19
84789925-X,7300,2770.84,regular,2011-02-21
31472227-7,3223,2210.01,regular,2022-10-12
64608342-6,8428,4836.9,regular,2019-05-13
24955396-4,6539,68.71,regular,2014-05-04
42605705-9,2408,4758.76,regular,2024-02-04
91376882-6,5087,1085.47,regular,2025-03-03
21554236-7,9824,3277.66,regular,2025-01-25
51056036-3,4459,2833.41,regular,2014-01-22
06516222-X,3832,4477.81,regular,2013-04-01
23357839-9,7596,2906.67,regular,2019-09-13
71787277-X,8538,1801.82,regular,2018-05-08
35497729-X,3824,1515.81,regular,2013-03-02
68482359-8,3592,848.84,regular,2014-08-25
38926663-4,2960,4744.02,regular,2023-06-19
52827354-1,7928,4160.5,regular,2012-07-25
06859237-9,3832,65797.64,vip,2025-07-21
07125291-5,7135,4960.91,regular,2026-04-04
29320340-8,2960,1130.54,regular,2017-10-29
39144651-6,8278,199880.73,business,2018-04-07
91870760-5,3510,4102.82,regular,2020-09-01
51868808-6,8538,3709.63,regular,2024-01-20
61431835-2,9384,3453.2,regular,2018-06-04
10716872-4,4459,4441.39,regular,2015-06-18
92057922-1,9201,3674.4,regular,2018-11-16
60804243-5,3449,203260.56,business,2012-10-22
83362948-4,6730,70459.61,vip,2011-04-30
82081578-7,5274,3071.84,regular,2010-01-26
12738263-4,7196,3861.5,regular,2021-07-15
09884558-1,5274,2734.75,regular,2017-01-16
27911199-7,7750,1344.33,regular,2013-04-14
14163574-2,5598,1004.59,regular,2026-03-09
86019356-5,8278,3862.43,regular,2021-12-07
39183854-X,7601,3913.93,regular,2015-06-03
75538648-X,5801,311582.17,business,2010-05-28
43642512-5,8428,2156.12,regular,2017-12-10
94582691-6,7094,1132.93,regular,2025-07-08
63566121-X,7053,4741.21,regular,2014-02-11
48432729-7,5304,1250.39,regular,2023-10-31
02599424-X,9627,1814.03,regular,2025-02-16
88553454-2,3491,1508.76,regular,2014-04-10
76339027-3,6700,213299.83,business,2019-01-08
92574521-X,2925,1369.56,regular,2020-09-01
43034495-4,3391,3088.86,regular,2019-12-22
18849454-4,1641,725.03,regular,2016-02-20
72760599-8,5522,79179.19,vip,2013-01-29
31125469-2,3510,1540.74,regular,2024-01-09
11935569-7,7224,2346.96,regular,2022-11-29
74638413-1,7021,1817.5,regular,2021-03-19
27273291-6,8552,68195.37,vip,2010-11-21
43467136-8,9201,2507.55,regular,2016-12-03
20622418-1,6730,1300.64,regular,2018-05-02
26616915-1,9820,764.19,regular,2024-10-26
87097224-7,5327,90603.17,vip,2014-01-31
16761472-8,5644,30531.36,vip,2012-09-22
74767236-2,4881,329717.62,business,2024-08-26
92602564-8,9627,2839.97,regular,2011-10-01
09181758-7,2082,32228.26,vip,2010-02-20
35221931-3,7330,1965.62,regular,2024-07-07
64511996-X,9398,2555.23,regular,2014-07-11
79316545-9,4796,1180.87,regular,2015-08-07
52552813-2,5697,2399.77,regular,2026-10-22
43719773-X,1571,21213.48,vip,2013-04-05
11172010-X,2925,68765.69,vip,2015-04-19
36931346-X,7760,3757.56,regular,2015-12-11
45283123-7,2488,74748.67,vip,2026-12-17
36410393-9,7053,4320.23,regular,2011-12-10
16077509-X,9161,4.6,regular,2024-08-27
82936350-1,6798,2872.28,regular,2021-11-20
76075153-8,3391,4301.36,regular,2020-03-02
90609022-7,3483,1653.67,regular,2010-11-08
71426894-X,6730,3926.93,regular,2015-05-31
31214859-6,7556,4911.06,regular,2020-01-03
26331566-4,9984,435302.08,business,2019-08-22
04084794-1,1226,3307.97,regular,2018-04-19
84629617-4,2925,3727.05,regular,2021-10-15
72237234-X,3592,4182.8,regular,2020-03-08
25949847-3,6721,991.97,regular,2012-03-04
75245552-X,3940,3726.46,regular,2011-09-30
42727525-8,4261,386.52,regular,2018-10-04
70230917-9,5708,80103.09,vip,2025-12-12
91039275-1,9746,4871.0,regular,2026-06-25
37299202-8,7315,2996.41,regular,2024-03-02
95534392-9,5274,498165.99,business,2016-07-03
02601933-X,7750,1556.59,regular,2013-06-09
38343506-4,3995,1665.4,regular,2010-07-15
91346943-7,4261,2526.37,regular,2021-04-28
46597462-4,7135,71239.22,vip,2022-12-12
31943220-X,5644,9.42,regular,2017-05-01
74337042-X,3491,1143.93,regular,2019-06-08
79590119-X,9201,2019.01,regular,2023-12-23
78742628-6,4280,1883.53,regular,2016-09-07
48616547-X,1226,3015.31,regular,2016-02-03
11913832-7,1876,2428.69,regular,2024-09-20
47250678-7,5522,2831.47,regular,2025-03-02
31873830-6,2488,4802.85,regular,2025-08-04
36464624-X,9174,3177.58,regular,2016-04-23
59138917-4,3940,1469.27,regular,2024-12-07
66431559-7,2370,454359.03,business,2018-08-13
20540898-1,8148,331524.2,business,2026-10-27
50789339-6,2817,56468.15,vip,2025-08-18
24140431-X,2484,1402.77,regular,2020-09-24
95716590-2,8552,2030.31,regular,2011-10-03
31601494-7,7556,3997.33,regular,2015-05-24
33080933-9,7479,1340.8,regular,2026-05-24
19894044-7,4261,1680.04,regular,2020-07-03
86884855-X,7817,158228.47,business,2016-09-30
72173541-X,3491,582.06,regular,2022-08-12
77695946-2,3824,1133.66,regular,2017-09-19
24871268-5,2408,2821.82,regular,2010-06-13
63901707-6,7204,47297.1,vip,2012-03-21
48074861-5,7224,1510.19,regular,2010-07-08
53915897-1,8785,60111.22,vip,2015-10-31
73331267-4,4280,2299.21,regular,2018-11-27
57184212-X,6721,4012.29,regular,2023-07-06
09646603-8,6539,45711.54,vip,2023-07-07
09724653-1,5478,4457.39,regular,2019-02-12
16263437-4,5697,45610.35,vip,2018-05-01
85191413-4,5697,4326.34,regular,2022-05-16
45675320-4,4251,79.35,regular,2025-07-11
11782577-5,1571,4252.35,regular,2017-09-07
99226324-3,6822,3831.86,regular,2022-12-31
29806627-9,3223,60369.18,vip,2018-07-25
11511465-X,6375,4609.97,regular,2025-08-03
58906992-3,3801,2304.0,regular,2023-10-19
35632355-4,7224,473.64,regular,2022-02-24
97628053-9,3832,2249.05,regular,2018-11-08
97555099-5,9765,3913.1,regular,2019-06-26
55156133-9,4076,58472.35,vip,2026-09-26
47946209-X,5697,4504.65,regular,2024-12-07
47859630-2,5338,10160.95,vip,2019-11-02
63648742-9,7659,630.3,regular,2020-10-28
84904384-9,5522,4352.22,regular,2015-08-18
62716211-3,4330,4339.88,regular,2011-04-12
05984039-5,9599,4057.9,regular,2025-05-19
62840091-X,7596,3311.18,regular,2021-02-11
02201079-4,7338,4666.36,regular,2016-06-30
75330460-7,3391,1542.0,regular,2011-08-28
90159089-X,2925,1862.84,regular,2013-07-23
23730625-7,6227,1752.3,regular,2022-09-16
92335814-X,2817,1662.05,regular,2023-02-25
08455117-2,8148,80.15,regular,2011-11-30
54341174-9,1953,3274.83,regular,2016-06-14
03853391-4,2960,4048.45,regular,2018-12-06
07221105-9,5644,4934.59,regular,2012-06-11
51805394-X,2925,281865.5,business,2017-12-07
73187824-9,6370,3151.28,regular,2026-08-27
05512263-X,9820,1534.78,regular,2017-09-25
23183239-2,7760,4039.61,regular,2021-09-22
04567255-8,2853,22440.72,vip,2022-11-24
21569055-6,7204,321481.54,business,2010-12-18
86673405-7,9746,766.67,regular,2011-11-24
21375422-3,5830,1956.94,regular,2024-02-22
61345236-X,3824,3006.89,regular,2017-02-04
73576126-3,5508,1027.91,regular,2010-04-10
08019894-7,2488,3854.69,regular,2010-12-07
70198553-5,2483,18137.92,vip,2021-10-13
33938184-7,3801,505.2,regular,2018-08-08
28440272-9,1810,82760.04,vip,2015-12-20
55552257-1,7224,131.3,regular,2024-02-08
71921533-2,9765,1801.74,regular,2015-11-14
46096158-7,6499,1723.7,regular,2026-04-12
23969834-6,3391,1049.38,regular,2018-02-23
54261007-1,3940,122796.09,business,2014-10-25
52194701-9,2745,2758.49,regular,2011-02-05
33825828-7,6721,3876.02,regular,2021-02-26
89387377-X,6375,4732.69,regular,2023-12-23
43498553-X,7581,3664.03,regular,2015-12-04
44937473-X,3824,2606.93,regular,2015-06-20
36279648-8,7300,77332.12,vip,2021-07-01
25932373-8,2817,412.52,regular,2025-10-22
97370449-4,4635,3609.7,regular,2023-01-03
65305048-2,6539,2215.9,regular,2018-11-13
46416978-8,4459,887.59,regular,2024-10-02
41094228-X,9214,297.48,regular,2017-11-01
04141676-9,9398,3430.83,regular,2023-08-09
72871003-7,7817,4474.29,regular,2019-01-09
21499919-6,2925,4712.58,regular,2020-06-22
92925140-4,3223,3549.08,regular,2014-04-07
48586338-8,3686,1835.81,regular,2017-05-07
40765582-3,7300,43623.98,vip,2024-11-04
83283685-4,3824,1166.95,regular,2011-07-13
30411187-1,1834,2817.16,regular,2020-09-07
96598765-6,5327,2641.66,regular,2022-07-07
43811882-X,1571,567.89,regular,2018-09-17
49874107-9,5559,3072.72,regular,2019-10-04
29670356-5,5697,4822.69,regular,2012-05-17
22723125-X,9161,1736.68,regular,2011-09-24
57459583-X,9820,2194.08,regular,2022-02-26
07523163-5,7704,2952.85,regular,2012-02-21
00016842-4,6227,2273.62,regular,2010-03-25
36579007-3,3510,3261.79,regular,2021-11-12
90314053-1,3449,21966.22,vip,2011-04-30
99218797-X,6822,4291.72,regular,2015-10-22
92981251-3,7508,77244.8,vip,2022-04-10
52949435-X,7300,154.24,regular,2010-02-18
81623080-7,7053,2857.32,regular,2016-01-06
52184390-4,7479,1815.16,regular,2021-03-15
27518447-5,8631,777.83,regular,2018-11-11
15635888-6,3147,3949.71,regular,2013-09-06
25371020-2,7330,4668.36,regular,2012-11-16
70470920-9,5559,1573.86,regular,2019-08-16
58766717-1,1876,1686.01,regular,2019-01-08
04571199-1,3686,475914.14,business,2024-07-11
78969631-5,2408,4305.31,regular,2018-01-28
58017532-2,5801,271.37,regular,2014-11-08
75221152-1,3441,1090.51,regular,2014-02-08
37403483-4,3940,460.68,regular,2025-09-16
65363558-X,6798,47362.35,vip,2013-12-03
34462198-3,7581,38197.29,vip,2021-05-03
99676946-8,6822,1621.05,regular,2010-06-22
04722967-3,9628,45323.53,vip,2021-10-23
99309933-8,1130,2024.66,regular,2024-06-24
59318470-3,6920,180.81,regular,2021-11-28
98069873-7,7514,2642.96,regular,2014-09-19
61829351-X,9746,4092.11,regular,2023-07-03
97445698-X,9201,1355.03,regular,2021-11-26
98680214-5,7094,62.75,regular,2026-10-11
89368269-9,1226,1815.47,regular,2026-03-01
18393582-7,7204,2780.96,regular,2014-09-03
70372787-X,5522,2995.39,regular,2011-04-08
43825362-6,1214,912.55,regular,2025-09-15
63208187-X,1033,58769.24,vip,2010-01-26
89678906-2,7300,2030.19,regular,2019-07-31
70575370-8,2484,2449.2,regular,2013-02-26
67534041-X,3147,3818.25,regular,2013-04-08
89481126-7,5830,4109.57,regular,2025-04-16
76407858-8,1834,69263.29,vip,2026-11-28
91586956-5,3510,17705.72,vip,2025-10-02
96179869-6,9961,3077.86,regular,2023-11-09
15837250-2,1953,4080.98,regular,2015-01-23
77720154-6,7338,1483.54,regular,2021-07-15
48667766-7,5304,353.18,regular,2021-11-14
97653616-4,7596,660.41,regular,2013-12-13
75413420-3,3686,71641.88,vip,2014-10-21
69612041-9,2925,4150.02,regular,2024-05-16
28154506-2,5338,1122.07,regular,2014-05-27
84620224-7,1241,2927.41,regular,2014-02-10
03448803-X,2212,1861.47,regular,2010-01-18
85529223-1,7817,94963.81,vip,2024-06-12
42484344-6,7704,528.45,regular,2015-09-30
45441881-X,5522,3829.37,regular,2025-07-05
84247183-3,6256,1213.67,regular,2026-06-28
20432413-X,7760,4079.09,regular,2016-04-10
89861173-4,7021,4386.71,regular,2017-06-14
22785684-2,8148,21543.95,vip,2017-10-26
60704753-4,2484,3549.85,regular,2022-05-06
02258992-3,4459,86734.81,vip,2011-05-23
78436772-6,7330,3460.53,regular,2017-03-01
28529103-X,9201,4866.59,regular,2016-10-24
45981931-9,6920,2796.95,regular,2019-10-16
31724146-7,3686,4345.58,regular,2024-02-03
63306250-1,3491,3713.19,regular,2014-12-27
00460312-5,7021,3206.38,regular,2023-08-07
75874649-7,8148,1493.79,regular,2015-02-05
53071808-4,7760,4154.65,regular,2021-12-15
27985008-7,3824,4444.3,regular,2026-01-26
06673284-1,5697,939.64,regular,2012-11-17
64029025-7,6730,3213.34,regular,2015-01-03
32787470-5,7508,1380.96,regular,2015-03-25
80588105-X,7704,3988.9,regular,2023-08-16
53597621-5,6798,783.6,regular,2015-04-06
68905772-6,9214,2710.73,regular,2021-05-06
18914401-7,2786,2286.61,regular,2013-11-03
36014852-9,2370,3430.6,regular,2021-10-05
03740140-X,9938,828.02,regular,2022-11-20
57017533-2,1241,4068.74,regular,2020-02-13
58187139-2,5274,3655.73,regular,2024-07-17
59494816-X,1953,1833.48,regular,2021-06-24
19451901-X,7135,1151.17,regular,2010-01-26
86130597-7,8687,765.19,regular,2019-02-01
48128767-4,7053,552.65,regular,2013-11-11
21162792-X,3592,284.88,regular,2018-09-14
75564665-6,9259,2849.76,regular,2022-03-15
61906885-4,9746,4711.54,regular,2026-02-26
02254463-3,1571,4906.64,regular,2012-10-05
55936757-1,7053,825.63,regular,2012-10-30
18447878-1,5598,208492.27,business,2017-05-04
60894283-9,6865,1498.3,regular,2014-09-13
66361706-X,9161,206674.24,business,2024-05-03
22376138-4,4330,95180.47,vip,2015-01-17
83610114-X,6865,329407.83,business,2017-11-24
01648112-8,8538,219.61,regular,2013-09-16
89732135-5,5683,2796.85,regular,2017-12-31
85907274-2,6822,96828.66,vip,2016-12-06
73229153-4,3686,726.98,regular,2024-04-21
36778663-X,7061,3241.4,regular,2023-03-25
42460398-1,3801,406.07,regular,2019-06-01
52177806-1,5046,3115.77,regular,2010-01-10
60277386-7,2786,4765.18,regular,2022-03-23
68054971-9,1876,2398.98,regular,2022-04-10
07341128-3,4006,3012.31,regular,2016-03-20
61246462-2,3491,1663.72,regular,2020-01-06
70510964-4,9599,3347.54,regular,2024-10-05
30092822-3,5683,2356.12,regular,2011-04-20
47648982-3,5644,2323.16,regular,2020-12-19
44388176-X,3995,4698.4,regular,2015-11-01
48693729-3,1130,4230.68,regular,2019-02-15
42352872-6,2483,2307.14,regular,2026-01-05
99183648-3,2370,4350.72,regular,2022-11-01
71432489-5,3940,2414.64,regular,2012-10-20
84610001-2,6499,3235.62,regular,2012-08-26
77045291-X,4635,4295.74,regular,2012-09-22
94395263-X,7224,4544.87,regular,2026-11-23
81429986-1,7514,1542.28,regular,2020-02-22
90421362-5,3832,3346.45,regular,2019-09-03
21597036-6,7514,2407.98,regular,2012-08-07
63005607-5,8785,411.17,regular,2013-06-18
42374745-1,8687,2438.14,regular,2017-04-08
48954181-9,4993,939.07,regular,2024-02-05
25972144-8,8372,93673.32,vip,2024-08-22
52560861-6,7596,1233.25,regular,2018-07-11
54647250-6,1241,11813.08,vip,2024-04-06
81993557-1,7581,163.2,regular,2015-03-03
50909918-X,7596,989.77,regular,2012-12-19
84678602-X,7596,3456.82,regular,2020-04-11
27295398-8,9746,935.91,regular,2023-01-22
05160929-4,9938,17401.19,vip,2012-03-11
53301852-5,7196,43943.2,vip,2020-11-12
90174448-3,1834,3727.09,regular,2025-02-11
66890371-9,2925,3219.8,regular,2022-01-30
39905803-3,8472,2536.77,regular,2017-08-07
07229653-8,1953,2897.32,regular,2012-02-16
74957792-7,3449,2963.67,regular,2020-11-20
33092193-X,3449,4201.29,regular,2025-09-20
81789774-9,3650,4444.49,regular,2016-04-20
76748318-6,7596,508.99,regular,2017-03-21
42135986-5,6256,313.42,regular,2020-10-15
92883711-7,4459,543.86,regular,2010-05-27
79370665-4,6256,48124.19,vip,2017-07-18
01670451-X,3195,4705.4,regular,2026-07-15
01779405-6,5274,4408.82,regular,2016-07-05
50864107-2,4330,55469.92,vip,2019-05-02
89181785-1,5046,74015.89,vip,2019-10-28
40329762-6,5598,88737.7,vip,2026-12-14
43904530-7,7760,24684.31,vip,2019-03-02
75513601-7,6375,33836.68,vip,2018-11-13
72780553-3,3441,1337.21,regular,2019-03-18
11439384-6,4635,4143.03,regular,2025-05-19
90165363-6,7094,2864.15,regular,2017-02-19
25639692-2,7704,50718.7,vip,2017-03-05
76325589-8,7601,1073.96,regular,2020-12-19
59673739-5,2483,110.16,regular,2014-01-15
77828691-3,5327,1478.0,regular,2022-02-04
10322212-X,4261,55607.15,vip,2024-03-23
80360043-X,3483,1879.41,regular,2012-01-11
04825473-6,7135,78952.43,vip,2019-05-01
47923040-9,5087,1861.53,regular,2012-09-14
44716034-9,3824,1305.62,regular,2021-10-18
10402473-4,2925,559.22,regular,2022-10-07
58012749-1,3147,1408.19,regular,2014-03-03
14217259-2,1953,1280.49,regular,2013-12-29
58387769-2,3391,85958.7,vip,2025-05-19
24397304-4,6822,1164.95,regular,2012-12-14
50251678-8,9627,2919.63,regular,2016-02-28
55525278-7,5598,4398.03,regular,2014-07-25
20486965-9,4330,299.01,regular,2022-11-09
63209693-5,2925,3014.98,regular,2023-08-14
69207913-3,6485,2663.12,regular,2011-05-25
98693004-7,7514,1400.65,regular,2019-05-18
07428118-2,2925,3721.01,regular,2016-12-05
57533706-1,6256,1863.26,regular,2019-06-15
24830351-3,9961,2458.39,regular,2013-09-18
43600932-5,9628,99628.77,vip,2016-02-20
96596269-X,5801,2067.45,regular,2017-12-06
91335327-6,4091,139.12,regular,2010-05-03
29324383-8,2786,3986.55,regular,2022-08-11
02106252-9,9984,1608.27,regular,2010-07-08
60214699-3,1876,690.37,regular,2023-02-08
73619741-5,2082,2051.12,regular,2023-08-06
82590782-X,6721,3253.3,regular,2016-08-11
78895251-8,4261,1462.13,regular,2013-02-11
42250513-6,2817,962.66,regular,2025-02-23
36882966-3,8687,1814.87,regular,2014-04-13
11943912-X,5213,3232.91,regular,2025-01-23
79932737-1,7556,1717.61,regular,2024-09-30
55678811-X,4006,35468.62,vip,2011-07-27
87703272-1,3510,3954.36,regular,2020-02-01
62235968-X,3223,60386.17,vip,2026-07-16
31341001-X,9961,42057.16,vip,2019-01-20
12971690-X,5304,2304.09,regular,2013-10-15
92861041-2,9174,701.85,regular,2025-04-24
41363277-6,7315,505.72,regular,2016-05-12
00541320-3,7750,3700.22,regular,2024-02-16
30437487-1,3483,1892.05,regular,2022-12-11
73713906-1,8148,3238.3,regular,2013-12-24
96709048-4,9628,2362.42,regular,2012-10-11
91635389-6,5508,3535.48,regular,2010-09-18
75417535-3,7300,597.74,regular,2023-03-31
93452491-3,4280,4285.25,regular,2011-06-07
20193242-8,5929,3011.31,regular,2016-01-20
85949599-1,4635,3307.72,regular,2012-03-30
55217745-1,9384,71445.75,vip,2023-11-04
59329620-1,5697,4993.93,regular,2010-09-11
60570431-3,1226,4741.22,regular,2023-06-04
64880951-X,1579,3949.06,regular,2024-12-09
52496210-9,6499,3769.19,regular,2012-10-28
42035977-3,3824,1095.25,regular,2016-04-09
45626720-4,2370,3423.43,regular,2013-12-07
23514138-5,4796,2086.49,regular,2017-11-28
18478897-X,7315,2469.34,regular,2026-06-03
77448096-8,5304,268.56,regular,2012-01-19
28805761-3,8428,93770.82,vip,2012-09-11
01265573-9,7556,4314.46,regular,2026-04-24
08802623-9,7196,416.34,regular,2011-05-29
40221310-X,9599,2249.08,regular,2023-07-07
86792191-4,7338,78004.68,business,2025-12-19
36946462-9,7300,2377.52,regular,2020-08-10
10788373-3,5598,263.23,regular,2017-04-16
00437385-X,5644,4381.82,regular,2012-08-22
36931176-1,9201,534.37,regular,2024-04-20
82960639-4,5304,1120.2,regular,2010-10-03
08424617-4,7061,3859.95,regular,2015-07-13
85736696-7,8785,3086.85,regular,2020-02-27
81978284-1,6485,54763.55,vip,2019-07-15
45774860-X,9938,2922.24,regular,2017-08-27
71481071-9,7928,4322.45,regular,2014-08-06
71683853-X,5683,3525.14,regular,2024-12-12
94473784-X,6721,2780.35,regular,2018-11-15
64677816-8,5046,4730.27,regular,2020-01-25
26171964-1,5708,4437.58,regular,2020-04-23
39321629-X,6602,1891.19,regular,2012-05-20
07956825-2,6764,1407.35,regular,2019-08-04
69722949-3,7224,38174.25,vip,2025-09-23
62514362-9,6920,903.28,regular,2022-06-20
32096266-8,5087,663.48,regular,2015-05-09
64531971-1,6499,1067.0,regular,2012-11-14
75805439-X,7094,629.89,regular,2014-10-09
35927807-X,1953,328.73,regular,2020-06-30
97049806-4,3491,4832.19,regular,2013-03-15
49803082-8,7556,4749.76,regular,2011-08-23
05235968-5,4091,92446.66,vip,2025-03-16
07572346-8,6920,1219.3,regular,2022-10-19
50328217-7,5274,4816.83,regular,2021-12-21
56393297-6,8372,3189.9,regular,2020-09-10
62381203-1,5213,731.6,regular,2024-07-25
06186745-3,3391,87193.36,vip,2020-07-02
83514372-6,2925,3445.9,regular,2014-09-14
33888608-6,1783,4707.96,regular,2025-07-20
89811519-2,6764,206.99,regular,2023-12-15
08582822-X,5357,606.53,regular,2022-08-10
17730273-X,3195,2447.15,regular,2021-09-26
96550941-7,7315,458.35,regular,2012-01-24
66061352-9,2786,2513.25,regular,2014-12-07
23263495-8,9938,265.0,regular,2021-04-21
49780271-5,2960,265.47,regular,2012-08-25
20481129-5,8428,2609.22,regular,2020-03-10
36435861-1,3650,16622.58,vip,2014-09-16
88325119-3,5274,4598.64,regular,2018-11-01
83824123-2,9961,4000.02,regular,2021-11-21
03481253-3,9174,78106.81,vip,2010-12-25
84310782-6,6920,3341.08,regular,2012-11-13
35505993-7,2925,896.64,regular,2022-04-26
25556925-7,2960,3954.63,regular,2022-12-25
44141345-3,3686,799.22,regular,2021-12-13
67478136-2,5087,4697.17,regular,2021-11-03
23685382-3,3510,4083.62,regular,2026-03-12
22512421-X,8372,3615.15,regular,2014-04-28
14784869-1,7061,1737.06,regular,2024-06-16
57105725-4,3801,4003.12,regular,2020-03-06
47165432-4,1571,3255.27,regular,2016-11-11
62873040-X,6227,77481.36,vip,2012-01-28
14193321-X,7315,3957.74,regular,2014-05-04
74348181-1,5830,120.45,regular,2023-11-27
77984372-1,6539,3831.42,regular,2025-06-28
31463050-6,9398,2725.35,regular,2011-01-25
79908516-8,1834,2853.8,regular,2022-10-25
31146013-X,3824,1907.03,regular,2016-09-17
69094098-8,7750,3987.08,regular,2014-04-05
31203428-8,1226,18002.57,vip,2014-04-02
69841199-1,9746,2443.41,regular,2017-11-08
02995180-8,5338,1799.65,regular,2018-04-10
43310864-9,5559,4462.44,regular,2023-04-15
52280086-2,2370,1398.23,regular,2014-07-16
39776953-5,1876,1782.45,regular,2017-06-13
67951490-X,4032,22.11,regular,2016-09-29
13121897-4,1876,1246.1,regular,2017-06-19
93040280-3,7596,1699.66,regular,2024-10-25
88171067-5,6539,3472.26,regular,2011-12-06
66324171-X,5541,1294.89,regular,2026-09-13
61599266-6,5830,1205.02,regular,2015-08-01
91167031-7,3824,82286.91,vip,2018-04-01
27259356-7,3801,21305.14,vip,2010-10-31
76660271-X,1214,4426.5,regular,2011-04-24
80821487-5,1899,2186.12,regular,2012-07-13
91178280-1,8631,4065.49,regular,2025-08-26
68042266-8,5644,2897.97,regular,2014-04-04
41916592-3,6730,4986.31,regular,2015-06-15
09177573-7,1579,314.17,regular,2020-02-13
48627909-8,5478,4681.04,regular,2022-01-24
01863022-6,6485,2095.19,regular,2021-05-11
31505547-X,2488,3718.09,regular,2025-11-29
03462350-8,8278,2759.9,regular,2018-08-21
38964412-3,3449,368.41,regular,2011-08-22
19977521-X,7508,4777.98,regular,2015-10-14
52703489-5,3510,96213.31,vip,2021-10-28
84352620-X,7053,4674.26,regular,2021-08-02
87667951-5,5830,4882.65,regular,2023-12-08
60349300-1,3147,4677.29,regular,2014-03-22
69985164-3,7704,4497.56,regular,2014-03-20
42404466-X,8278,1183.92,regular,2012-06-24
03241876-2,1810,39896.69,vip,2014-11-24
47693050-8,8785,368694.58,business,2017-09-26
18064797-2,7508,27621.97,vip,2019-03-06
65992444-4,6764,612.19,regular,2013-01-22
28183310-3,9765,445536.25,business,2025-05-03
57245170-2,3824,4685.69,regular,2010-12-23
35699658-9,4459,420.86,regular,2026-06-15
97412234-4,5598,4514.55,regular,2013-12-23
86177399-7,6865,402726.53,business,2024-12-12
51860280-X,7596,4120.94,regular,2010-11-21
59264918-6,6784,4123.36,regular,2025-08-07
08229075-6,7224,3263.0,regular,2017-02-23
40194559-3,4796,1174.88,regular,2014-07-26
82223943-6,3391,1478.44,regular,2023-03-13
73691423-X,7596,323657.77,business,2015-08-17
93271133-9,1579,99592.76,vip,2020-02-23
03677949-8,6256,695.8,regular,2010-10-30
27242204-8,3686,89291.77,vip,2010-02-04
45337674-7,1641,3585.93,regular,2016-06-04
00754959-7,6764,50.44,regular,2013-01-31
52688943-8,7135,4686.2,regular,2026-08-18
67005848-5,6721,3013.39,regular,2016-07-01
76730744-5,7581,46.66,regular,2010-09-14
41418770-4,7204,65380.31,vip,2023-01-07
32718889-X,5598,137.76,regular,2014-01-16
79145857-X,7659,3747.22,regular,2018-08-01
18000420-3,7596,42.27,regular,2013-07-18
01067649-6,2960,85884.67,vip,2021-04-16
84868650-8,6539,761.29,regular,2012-09-06
87064268-X,3449,75852.81,vip,2013-06-12
55459441-3,2082,3954.81,regular,2016-12-05
36255511-7,4993,1282.97,regular,2026-12-25
60798336-2,2817,4473.01,regular,2013-09-15
34784200-7,2745,96402.82,vip,2026-05-15
47086782-2,9820,95455.25,vip,2023-12-14
81682557-2,5598,2692.71,regular,2011-09-15
61333073-3,9599,755.27,regular,2023-02-03
55661443-8,1241,71064.01,vip,2025-11-29
12023000-X,4459,422550.86,business,2022-12-24
00841153-6,5697,1232.58,regular,2025-05-10
64626702-6,9938,3545.83,regular,2021-10-01
14265959-X,5644,114.65,regular,2019-06-26
59944061-5,9174,3915.51,regular,2012-02-27
16968581-6,9824,2603.54,regular,2012-10-13
17962357-9,8148,42906.83,vip,2015-07-19
24618414-X,6920,3098.95,regular,2010-08-06
99715684-5,1641,4700.29,regular,2021-11-02
00998419-9,5644,3028.73,regular,2015-07-20
78124301-3,4280,14293.87,vip,2013-02-19
44284244-4,7196,238.81,regular,2011-07-29
99957888-X,3223,4468.62,regular,2022-10-01
17546403-X,2786,4412.09,regular,2017-04-15
78437845-X,1834,4243.29,regular,2019-05-19
40049484-6,5087,4599.88,regular,2012-02-24
54006683-4,8372,4446.27,regular,2023-04-26
35031375-5,9599,350.61,regular,2020-10-07
21316116-4,2484,3785.87,regular,2014-08-27
63394464-7,1899,2558.1,regular,2014-11-28
60717525-6,9746,3911.04,regular,2020-09-07
83626695-8,7094,619.83,regular,2016-01-15
54429870-7,3441,2118.5,regular,2021-02-23
92429683-4,3824,1169.14,regular,2020-10-13
65310390-5,6499,1645.94,regular,2014-08-19
47243612-9,8631,4319.46,regular,2014-02-17
31726067-4,7596,369.66,regular,2015-09-08
83536334-X,7928,280.52,regular,2025-11-14
70162717-2,5644,1121.31,regular,2012-02-20
39618769-5,7224,824.4,regular,2023-08-10
25444756-3,8428,4733.91,regular,2016-09-25
14288300-3,2082,99127.73,vip,2017-03-17
38774819-1,1783,4730.34,regular,2023-09-08
67868606-1,3686,76927.6,vip,2014-11-23
86438328-2,6764,493.13,regular,2022-11-01
53498088-8,3686,72663.3,vip,2022-08-20
27353136-X,7196,1472.77,regular,2026-05-10
32177892-7,2212,3487.86,regular,2014-06-05
38182186-3,4076,2728.41,regular,2020-07-29
77977164-3,6256,4491.21,regular,2021-03-29
98687410-4,5087,444205.24,business,2023-10-06
24599915-6,6227,151.56,regular,2011-12-15
70577185-9,3801,487414.0,business,2024-08-22
31559589-8,7300,4361.33,regular,2017-08-13
26222181-X,6524,1106.89,regular,2026-11-24
00537070-6,9259,1507.96,regular,2020-09-11
69979542-9,8148,4729.64,regular,2025-07-07
27407544-6,9398,2680.88,regular,2010-10-06
79767088-X,9398,253.61,regular,2018-09-26
11818111-6,7094,3047.61,regular,2025-07-30
28557767-1,7479,1055.02,regular,2019-07-17
27727958-1,4635,3092.73,regular,2015-09-23
14158654-8,6721,58649.03,vip,2017-12-22
57434535-1,5213,4891.98,regular,2011-03-22
84147976-X,6227,4477.91,regular,2011-09-01
44874987-9,7581,2894.38,regular,2026-07-29
87380611-8,6764,3545.32,regular,2026-01-30
04118883-6,7196,4137.19,regular,2021-09-18
53364786-2,4280,1603.59,regular,2016-07-14
97901991-8,8785,1713.19,regular,2021-11-24
63547826-X,6602,65082.81,vip,2013-05-08
83260978-4,1834,83055.89,business,2012-01-12
35764879-5,1571,3465.23,regular,2025-12-05
73796111-X,6764,92960.15,business,2020-12-20
83195504-X,2082,4000.58,regular,2020-10-26
42627906-1,5697,1241.62,regular,2020-08-20
71570057-4,4993,20.48,regular,2023-07-06
06944394-7,2786,468090.17,business,2011-04-02
73004767-8,3686,2560.3,regular,2025-10-31
17650763-X,6370,4846.76,regular,2022-05-02
36098242-8,6539,438579.82,business,2026-10-13
33224408-3,6375,44277.93,vip,2013-09-06
16713649-3,5046,1386.03,regular,2018-10-28
44566523-X,3391,1665.54,regular,2026-08-24
23170021-5,7061,3613.63,regular,2013-07-22
21200948-3,5087,1530.94,regular,2015-03-07
85449353-X,6602,68587.38,vip,2020-12-05
64126264-2,1226,3835.76,regular,2022-09-08
11831922-5,8687,1011.09,regular,2023-08-18
80934108-6,3491,4499.36,regular,2019-03-09
44543937-7,9746,3757.22,regular,2026-06-21
36967335-2,2408,2342.75,regular,2024-03-14
80729564-X,9214,1322.86,regular,2011-02-18
81751731-6,4261,4070.94,regular,2020-06-10
88721183-5,3195,4458.61,regular,2020-05-17
26288271-1,5087,706.67,regular,2023-07-21
27088583-X,7596,215455.94,business,2026-03-12
58833612-1,3147,44948.02,vip,2023-02-13
43787101-2,4251,3450.35,regular,2026-07-21
80562797-6,8552,2269.64,regular,2024-08-29
94455538-4,6730,4986.23,regular,2020-04-27
93411873-1,4635,3122.86,regular,2016-07-16
26292947-X,5598,13004.54,vip,2021-09-08
12866061-X,7750,1980.14,regular,2015-06-13
90208270-7,5929,4528.63,regular,2025-01-06
63275107-2,8785,4299.37,regular,2010-08-14
97281286-4,5046,83252.66,vip,2014-12-09
06580027-7,3801,3605.35,regular,2011-06-01
22838368-9,9161,1974.03,regular,2016-01-30
23981194-3,3592,2682.12,regular,2021-07-16
76097211-6,7704,19650.11,vip,2017-01-16
39654892-X,7704,2305.38,regular,2011-10-09
33104155-6,4006,1122.6,regular,2011-04-28
15526150-1,2853,1798.63,regular,2010-03-02
77998174-X,5213,44502.76,vip,2022-08-13
49774158-8,1783,1540.6,regular,2024-10-18
63303813-5,4993,2323.6,regular,2015-07-17
00201918-4,5274,1013.12,regular,2014-02-12
20012259-4,2745,1591.43,regular,2022-07-19
95327818-4,7556,412.34,regular,2019-04-16
19141080-X,1130,956.91,regular,2015-06-15
62278293-7,2925,62.9,regular,2021-03-26
10919653-8,5830,4814.27,regular,2021-08-04
45565664-X,4091,62308.51,vip,2024-10-31
26083232-3,6485,3818.14,regular,2019-06-04
72364764-7,3391,1166.05,regular,2011-07-20
19381230-5,4032,23452.29,vip,2023-11-03
75001714-1,7479,1764.81,regular,2019-01-28
75439010-9,9398,2467.14,regular,2022-07-20
61208692-8,1214,3216.64,regular,2024-03-06
70386438-7,3391,22145.79,vip,2014-08-24
95228834-X,7204,2412.83,regular,2014-10-26
73801217-9,1810,3291.31,regular,2022-02-22
56884750-4,4261,88530.34,vip,2024-11-28
10635450-X,9938,2630.48,regular,2026-02-28
72729851-X,5801,1122.28,regular,2023-01-01
53259296-X,9984,14727.17,vip,2021-04-17
85749604-4,5559,4618.11,regular,2022-04-06
54007046-3,9820,514.18,regular,2023-12-11
31684087-3,1241,868.98,regular,2025-11-18
83794677-9,6798,168529.03,business,2026-12-25
77806761-2,5830,2315.19,regular,2013-11-12
63793853-6,6865,2604.17,regular,2012-10-19
17391557-5,4006,4045.07,regular,2020-08-22
60154101-9,8552,1301.13,regular,2020-04-18
85128895-X,2483,866.7,regular,2016-09-27
65942413-8,5598,1477.44,regular,2026-06-03
54767053-3,1241,1531.84,regular,2024-02-06
23037593-4,6485,2603.65,regular,2022-03-22
18522560-9,3223,415.56,regular,2024-01-28
16718274-1,3592,2898.36,regular,2013-08-13
51199238-5,6227,2779.02,regular,2026-07-04
54577212-6,6227,98714.18,vip,2022-04-19
89457576-9,7508,1065.41,regular,2019-12-29
34489886-7,8538,1143.69,regular,2011-08-31
97261422-6,4251,11611.26,vip,2018-12-02
33360003-9,5683,2659.0,regular,2019-12-20
01313053-5,7224,987.4,regular,2019-08-15
64164345-6,5046,2153.84,regular,2011-04-27
50957679-3,6524,359531.78,business,2011-03-07
15938937-8,3650,288348.31,business,2023-08-18
22796054-X,8372,3510.75,regular,2026-07-21
71619433-8,1226,683.06,regular,2011-10-29
41241643-1,4251,3092.5,regular,2017-04-18
50889488-7,5087,3902.38,regular,2025-02-15
99578215-X,3195,475163.56,business,2025-04-29
78097794-9,5087,71030.11,vip,2025-08-04
84591193-9,2488,1784.61,regular,2013-03-19
49391392-9,7053,31804.91,vip,2026-05-27
65622494-5,9384,24672.22,vip,2021-12-08
80668038-7,4251,2021.16,regular,2014-05-16
96226838-6,4032,2313.12,regular,2017-03-23
71417859-2,6485,99019.37,vip,2012-01-16
60571004-8,1130,152442.93,business,2025-09-20
54768097-X,2786,1601.42,regular,2011-04-11
62212821-X,1033,70658.32,vip,2014-01-07
54407918-5,9938,2400.03,regular,2019-11-17
02978883-8,6375,4993.45,regular,2016-06-22
75242892-7,7596,1578.18,regular,2018-10-31
84531673-3,3940,397385.77,business,2022-11-04
29550897-8,2817,3964.83,regular,2012-07-30
87591360-7,2408,4588.98,regular,2021-04-21
43818471-1,5830,194.78,regular,2019-03-30
16899568-X,1953,4621.67,regular,2014-02-04
84245966-6,4993,4162.75,regular,2022-06-30
40484684-5,7760,4639.29,regular,2020-11-29
40381781-4,5304,3008.57,regular,2017-07-25
15229566-1,4635,4111.53,regular,2011-10-15
92526653-5,3510,1331.38,regular,2025-11-19
23539982-X,1226,128.81,regular,2024-09-30
17645798-1,6798,2767.32,regular,2020-11-30
16894687-5,6227,3537.68,regular,2021-06-09
30679411-2,6700,4194.86,regular,2020-12-21
40922179-8,7596,2285.74,regular,2017-06-09
91914780-7,8552,26707.57,vip,2021-02-26
53384773-9,6798,1034.52,regular,2016-05-02
70112564-3,6730,650.61,regular,2014-06-12
11156658-6,7094,4440.13,regular,2026-11-26
17542437-6,3824,94245.2,vip,2013-07-20
30940103-2,6730,3007.93,regular,2011-12-07
09133107-X,5478,4665.68,regular,2019-02-22
64397768-7,8552,2624.78,regular,2020-02-17
14725506-X,9384,1128.1,regular,2019-08-09
48718271-5,3995,1436.56,regular,2021-06-04
74912266-3,5478,79888.09,vip,2019-08-19
88057390-9,7750,699.16,regular,2017-01-07
07480852-8,3510,2200.15,regular,2011-11-12
49612558-9,5708,29.18,regular,2016-06-13
70115899-9,7315,4167.02,regular,2026-12-15
99772713-8,5338,1633.6,regular,2022-05-23
29236550-4,6700,1138.41,regular,2015-10-06
80492339-5,1033,977.67,regular,2013-04-29
39630293-X,3195,2447.12,regular,2020-03-15
36053490-X,4881,4709.15,regular,2021-02-10
75814496-6,3195,34527.53,vip,2026-03-11
91450103-8,2488,2087.05,regular,2023-10-04
30624143-8,7204,2544.51,regular,2011-05-08
83552015-9,6764,355.55,regular,2021-12-13
30357393-6,1579,215.51,regular,2014-11-25
40772389-9,1226,717.53,regular,2026-05-21
60787520-X,3491,3782.93,regular,2018-04-23
73623139-8,3995,4841.11,regular,2022-10-25
60475061-9,8552,3189.67,regular,2026-07-24
15343751-9,4032,2235.07,regular,2020-09-01
42386448-7,5697,4838.08,regular,2016-04-25
70369305-6,7596,1791.48,regular,2020-07-19
97738418-1,5541,3233.77,regular,2022-11-27
29457579-3,2925,433.63,regular,2012-08-14
87376884-9,8538,26108.25,vip,2017-12-30
01325900-2,5087,820.76,regular,2023-04-10
46046746-3,3995,1775.36,regular,2024-10-06
10366443-5,4091,934.1,regular,2022-10-09
87970198-5,2745,1638.06,regular,2021-04-23
50883859-X,4032,4631.17,regular,2020-12-30
44285545-3,4251,478185.18,business,2025-05-02
90476362-3,7300,1980.18,regular,2026-10-27
03295650-X,5508,3835.87,regular,2026-04-12
52425858-7,8472,56113.13,business,2018-01-16
06710677-8,7928,426.95,regular,2021-11-01
80623753-8,5508,37872.94,vip,2026-06-28
03695332-2,9820,2302.52,regular,2018-08-02
21232953-5,2853,13833.71,vip,2024-08-26
28448647-4,4091,3886.29,regular,2023-08-09
66902167-3,9938,4152.59,regular,2020-07-20
61914022-1,6865,1663.76,regular,2012-05-11
96235945-4,7514,3193.17,regular,2010-05-18
88561994-7,1241,66603.52,business,2020-07-18
33019938-1,2484,2551.27,regular,2021-05-08
02208462-X,7204,2059.35,regular,2025-01-24
76019949-8,7061,69296.85,vip,2025-10-30
45447601-2,4796,4591.9,regular,2017-09-21
71521025-8,6375,68722.02,vip,2012-11-14
29314936-3,1899,4662.61,regular,2010-04-23
38591656-4,2488,693.29,regular,2017-01-09
19962103-2,5357,98775.11,vip,2013-01-11
24814397-5,1783,1648.24,regular,2022-11-27
79925302-3,5508,81138.01,vip,2020-04-26
11125035-9,5304,40948.55,vip,2016-11-01
67919296-5,6865,4580.28,regular,2025-01-15
93628802-5,2786,2461.1,regular,2020-06-24
44537363-X,4635,2699.37,regular,2012-06-04
21888377-6,4330,3815.94,regular,2021-12-05
95772072-7,9765,4923.45,regular,2023-07-14
47444068-3,7061,2211.3,regular,2022-07-25
96230954-5,1579,1731.45,regular,2016-09-19
35036352-5,6784,4078.2,regular,2015-04-24
43127478-1,8631,4629.49,regular,2016-11-20
40221387-5,2786,46.61,regular,2010-01-11
96461363-5,7659,1851.42,regular,2023-06-08
05516960-4,2745,748.04,regular,2024-12-20
82352461-2,7224,622.18,regular,2012-01-30
69207193-3,3592,4963.83,regular,2021-07-09
78056202-X,1579,2610.25,regular,2014-06-27
59033921-4,5046,1413.72,regular,2018-03-16
28594921-9,3995,4141.98,regular,2022-08-29
42810498-1,7928,2092.86,regular,2023-10-24
85174685-6,4280,51307.2,vip,2017-03-11
56121295-2,3491,2345.81,regular,2025-12-09
11778250-2,7596,19980.39,vip,2016-09-13
10604279-9,4459,2618.5,regular,2025-10-18
56488274-6,9398,1319.03,regular,2011-01-19
30484424-9,6602,1277.27,regular,2023-10-19
18750399-2,8631,3253.48,regular,2021-02-25
44163739-3,5830,16708.64,vip,2024-04-05
05406160-6,3147,1775.26,regular,2012-06-03
56484517-9,3824,991.14,regular,2010-07-27
83902095-1,5274,74539.66,vip,2021-06-09
85708511-X,9161,68344.68,vip,2011-02-24
29637370-3,3824,4885.46,regular,2022-07-31
03894649-4,1226,4208.68,regular,2026-11-01
46904385-7,3832,4019.6,regular,2015-10-18
29915047-3,3995,2278.51,regular,2019-01-24
07779314-5,1810,3762.33,regular,2013-09-19
43254878-X,9599,84.1,regular,2018-10-02
05443103-2,5087,3938.26,regular,2024-11-21
96184139-X,9746,3451.63,regular,2017-06-30
92879210-5,4091,56508.88,vip,2019-03-22
85305794-X,4280,620.83,regular,2017-12-25
13158262-7,6539,1397.83,regular,2020-05-19
69680593-X,1214,4690.31,regular,2017-01-18
13840198-8,6370,88.85,regular,2016-04-29
19620363-X,1214,1700.81,regular,2010-02-24
56519259-2,7508,86017.28,vip,2015-10-06
12361015-X,2370,766.65,regular,2016-08-26
68884508-1,9765,1833.4,regular,2017-02-16
60124022-7,4251,1877.99,regular,2026-08-18
37522253-9,8428,4766.67,regular,2026-02-14
39880180-3,5213,1476.02,regular,2022-03-16
06403759-8,1899,3683.53,regular,2011-12-23
57797276-7,9824,13691.97,vip,2015-10-31
08474811-6,7750,33336.24,vip,2012-08-19
01644376-2,6485,4728.21,regular,2014-11-21
31510790-3,9984,3197.6,regular,2025-06-25
19610558-X,9599,2659.61,regular,2025-02-02
32928082-8,7704,1318.94,regular,2022-11-07
37434901-2,6920,1779.98,regular,2010-08-05
23138892-1,5338,3354.84,regular,2016-09-21
75976593-9,2484,1245.32,regular,2025-06-29
83428060-2,9174,1119.7,regular,2024-03-28
75994074-8,6370,2449.96,regular,2021-11-01
47187865-X,3483,3356.23,regular,2011-11-08
39163403-9,1876,805.5,regular,2026-11-25
24999190-4,7479,26188.74,vip,2023-10-03
09727950-7,9746,4084.31,regular,2021-06-06
78308419-9,1899,497886.94,business,2026-08-10
42252566-4,3592,1005.36,regular,2011-09-25
98389290-3,9599,925.09,regular,2018-01-26
68787306-8,3510,2216.56,regular,2021-03-15
34453306-7,5338,68288.16,vip,2021-06-07
77588223-2,7315,4142.38,regular,2020-09-24
47622458-5,1876,2341.17,regular,2022-11-21
10384911-5,6721,46092.29,vip,2026-08-09
39497253-2,3223,1155.15,regular,2022-03-30
12738549-7,8687,2072.18,regular,2012-09-08
90136362-X,6865,3690.78,regular,2015-08-27
32424804-5,4032,3252.49,regular,2016-01-19
41370902-3,7224,1109.7,regular,2013-10-18
59958344-1,7053,4397.94,regular,2017-04-18
23011339-6,9398,1646.09,regular,2017-09-04
14604903-5,8148,1901.72,regular,2020-03-26
01503437-8,3832,68460.43,vip,2014-09-19
24811466-4,3147,4223.5,regular,2017-08-16
45790393-9,1226,2410.34,regular,2016-09-14
51453872-X,1226,123.24,regular,2013-12-29
51508283-4,9214,2868.4,regular,2026-03-17
84493342-3,5541,4190.52,regular,2011-01-07
41820367-2,5830,95408.79,vip,2020-03-09
53076195-1,7817,1688.35,regular,2026-02-24
60496630-8,6865,1037.21,regular,2022-02-04
53075070-5,9259,3263.0,regular,2015-06-10
00074741-8,5357,74317.34,vip,2021-01-01
30060407-2,1226,522.14,regular,2021-08-26
86341815-1,9174,144.71,regular,2010-12-21
44841565-3,3510,4724.84,regular,2012-01-02
26095980-7,2786,3066.51,regular,2026-04-29
86588658-4,7817,4400.83,regular,2025-05-31
93786722-6,9174,51744.39,vip,2020-06-24
03444322-6,9746,4309.53,regular,2015-05-30
14687381-5,8631,79125.16,vip,2023-10-14
74638345-9,5708,39331.11,vip,2012-09-08
35815382-X,4076,3096.5,regular,2020-05-24
54647788-5,3801,66938.57,vip,2012-11-27
85593806-6,6920,3055.11,regular,2011-06-07
32006648-9,3441,23256.63,vip,2021-01-03
88828111-3,9824,3190.46,regular,2021-04-12
40946735-5,1834,2686.11,regular,2020-11-24
34440056-3,8538,3488.13,regular,2021-05-07
01285652-9,8148,429.15,regular,2023-08-08
80567412-6,3832,2819.33,regular,2019-05-29
40757235-6,9820,990.22,regular,2014-10-07
09483893-6,7750,96512.24,vip,2015-09-14
85168604-5,6370,3541.52,regular,2023-05-01
52691719-9,5598,1234.1,regular,2026-01-22
07995849-9,7061,1899.27,regular,2015-12-01
44845895-1,2212,68148.18,vip,2010-03-12
53282044-7,8278,4146.17,regular,2019-08-22
13089878-6,9938,62977.31,vip,2020-04-14
12960962-X,9259,3685.82,regular,2020-10-25
43943361-6,6485,3512.05,regular,2023-02-13
19499664-3,5087,2101.93,regular,2026-05-02
62818609-9,2484,1020.51,regular,2017-11-14
38668396-5,3686,139775.62,business,2017-06-18
30891111-X,7204,3729.25,regular,2023-03-25
85178756-1,8428,358553.44,business,2019-05-07
13118063-8,6499,3575.49,regular,2026-03-07
50211765-5,1571,208.15,regular,2015-01-12
76120575-6,2817,383.88,regular,2014-03-29
43610490-5,2370,1782.49,regular,2016-01-16
36068417-X,9161,3733.87,regular,2026-11-17
85900542-6,7135,4635.68,regular,2012-12-02
41882568-2,7817,1512.52,regular,2021-12-31
30262898-5,6865,4708.59,regular,2017-11-22
57025856-5,5087,4019.48,regular,2016-08-20
66533551-8,4091,2850.17,regular,2011-09-03
08011306-X,1033,1988.52,regular,2022-10-03
20936260-7,5046,1556.22,regular,2023-10-29
66567077-6,9961,59766.47,vip,2011-01-23
88202960-X,7659,197.97,regular,2019-01-16
33096288-7,7315,3721.14,regular,2018-04-22
23335395-6,2212,1549.17,regular,2022-01-23
52100846-3,8472,1820.05,regular,2012-07-01
30931649-X,6602,1218.04,regular,2010-10-16
82475531-X,6524,4322.74,regular,2021-01-23
84342564-1,6524,469.98,regular,2020-10-13
83659311-1,1033,82242.54,vip,2021-04-14
28558026-1,7224,77808.98,vip,2024-01-04
34675470-1,6822,1457.4,regular,2026-06-30
01256450-8,7300,4278.83,regular,2022-12-26
71150728-2,1130,4677.56,regular,2010-02-27
07552561-2,7750,384.82,regular,2023-01-24
90602161-1,5598,3031.65,regular,2015-03-13
65961950-X,4993,3641.77,regular,2025-11-23
92810588-X,2408,4937.77,regular,2019-03-09
74502690-6,1641,62487.47,business,2022-01-31
05492272-2,9984,374.01,regular,2016-01-06
06846661-3,7204,3738.34,regular,2018-12-31
56283611-4,2370,1667.77,regular,2020-04-07
75145703-4,5304,3983.27,regular,2013-03-29
87327257-X,1810,1593.66,regular,2020-08-25
76108615-8,9201,1283.85,regular,2021-03-30
57969477-4,5522,2424.13,regular,2017-05-13
08974503-1,2212,424.03,regular,2021-02-20
33513542-3,7224,3373.44,regular,2021-01-13
05180892-6,7817,55708.8,vip,2019-03-11
87280279-4,9259,2498.22,regular,2022-09-23
03121947-5,2745,3859.44,regular,2025-10-30
06062708-9,8428,1276.91,regular,2018-04-07
90159562-3,1834,2110.46,regular,2024-07-10
48943736-6,8428,2053.46,regular,2010-02-23
79756656-9,8538,4878.72,regular,2014-05-12
47586021-6,2484,85337.8,vip,2015-05-05
00863450-3,2408,606.03,regular,2013-07-07
85490269-4,2960,3867.2,regular,2015-06-13
86533975-X,6256,1156.05,regular,2015-01-02
74940797-1,1033,89627.15,vip,2012-04-11
13271195-9,9259,183.66,regular,2022-12-13
51970002-X,6822,4565.01,regular,2019-05-06
15478240-2,2408,30072.15,vip,2024-03-16
24156057-X,3801,23550.06,vip,2014-04-07
37375245-1,7315,89014.54,vip,2023-07-09
03673211-8,9961,1065.39,regular,2026-10-17
91255447-3,2483,345304.67,business,2020-03-20
22200831-9,3195,2456.53,regular,2017-08-02
22111350-3,7760,3998.91,regular,2012-09-22
42446148-6,7704,4288.88,regular,2020-04-04
38019818-5,9938,1388.88,regular,2023-12-15
15434725-2,1214,466.82,regular,2019-10-27
08029751-4,9599,889.32,regular,2022-08-11
71668534-9,3686,51280.56,vip,2016-05-19
14280962-4,3391,2873.98,regular,2023-01-13
54613639-3,7315,4907.73,regular,2016-06-19
07876541-5,3491,1705.21,regular,2026-03-16
19571478-2,6499,24391.53,vip,2024-10-29
73644854-X,7750,4928.16,regular,2010-05-13
37753972-4,2483,55425.13,vip,2017-11-12
07800848-X,9398,1538.18,regular,2010-10-28
42940205-3,5304,192769.31,business,2025-07-19
70642367-X,6865,4810.39,regular,2014-12-10
90426242-9,7061,2127.57,regular,2019-12-22
89924677-X,3223,391.84,regular,2020-03-05
57247973-6,4006,4509.9,regular,2014-10-05
44953650-1,6485,4565.28,regular,2016-07-20
76367189-1,9824,1007.13,regular,2018-09-29
41648203-7,3441,2014.6,regular,2024-07-16
76779596-8,1226,3745.62,regular,2013-01-14
65861285-X,6485,3019.92,regular,2021-09-17
02578306-2,9765,32889.88,vip,2010-01-17
91653923-5,6227,829.5,regular,2014-05-23
89930295-8,3195,129.87,regular,2014-11-25
90280238-4,6764,1029.6,regular,2012-09-30
19577046-7,3483,2828.8,regular,2010-05-09
90250911-5,6721,76781.28,vip,2018-02-19
89905926-3,8785,377622.16,business,2014-03-06
02293493-4,2483,498376.44,business,2021-07-09
25570716-6,3995,40721.93,vip,2019-11-29
08365168-3,9161,12078.77,vip,2012-04-28
13297637-5,7204,688.76,regular,2012-07-02
42684709-9,8372,14447.63,vip,2026-02-27
16933703-4,8278,798.84,regular,2010-03-23
15541569-1,7556,4603.63,regular,2015-07-18
66508889-7,8552,4926.0,regular,2010-04-11
24660457-8,4459,1125.24,regular,2019-11-10
52868594-1,5708,135994.62,business,2011-01-09
53689766-7,2786,2616.36,regular,2013-06-25
71110251-9,1834,32874.2,vip,2023-04-09
46335985-4,7021,69443.36,vip,2010-01-06
21776645-5,5046,69094.09,vip,2021-02-01
46465314-6,4076,1752.3,regular,2026-04-05
43933898-1,3441,371.34,regular,2010-11-18
52617051-5,7556,4063.48,regular,2011-09-27
01066207-6,3441,870.26,regular,2020-02-15
49656615-2,9398,4704.21,regular,2011-08-21
25486366-9,5327,167011.16,business,2024-02-10
77266515-7,9384,2290.79,regular,2020-03-04
28485719-6,5541,1681.95,regular,2019-06-11
18128409-6,7338,91834.77,vip,2017-05-02
36078969-3,7330,405103.73,business,2010-07-20
08230018-6,3592,1360.38,regular,2016-04-23
07293725-X,2786,4974.28,regular,2022-08-24
38142920-9,5046,3301.61,regular,2023-06-14
61060928-4,3223,781.81,regular,2016-03-27
53392090-2,4032,2964.03,regular,2018-12-26
41388543-1,5046,2953.79,regular,2016-04-01
72804095-X,3391,52493.9,vip,2013-03-19
45403003-X,6865,1981.88,regular,2012-11-21
21347830-7,8538,409.84,regular,2026-10-15
43560965-5,2408,32216.89,vip,2011-05-31
19750244-4,5801,2163.9,regular,2025-08-05
91088337-7,1876,1561.96,regular,2024-08-13
89362518-2,2370,51588.14,vip,2015-01-01
66158101-7,3650,70532.72,vip,2017-07-25
00598789-X,9984,4461.7,regular,2010-02-22
96443527-9,8278,638.63,regular,2015-03-24
46273652-X,2488,505.55,regular,2013-08-10
97168533-2,9214,292.37,regular,2022-06-15
55857280-9,4459,4533.53,regular,2011-01-06
13415677-8,2212,4432.42,regular,2023-11-22
68836790-1,6524,1276.46,regular,2025-11-27
50695645-9,3824,3675.62,regular,2016-01-07
12265197-6,8552,206.57,regular,2024-11-18
15404770-7,4251,1048.15,regular,2019-12-01
58081682-5,8278,434.6,regular,2015-03-01
25576300-7,7094,2609.81,regular,2024-09-02
01373756-4,7556,2420.79,regular,2016-07-18
14757699-3,3940,4847.15,regular,2024-01-01
65650609-3,2212,282.0,regular,2019-03-04
58151591-X,3449,53.26,regular,2016-03-18
70774661-5,8278,3956.84,regular,2013-09-14
62563903-8,9201,4758.62,regular,2014-12-25
58561016-4,7928,4626.82,regular,2023-05-30
96853593-3,1641,2190.84,regular,2014-05-11
92812247-X,3195,3035.09,regular,2021-01-09
57225979-X,5559,4087.34,regular,2022-12-16
75717862-4,2483,150.6,regular,2014-10-07
55345311-5,9627,2563.9,regular,2011-05-13
25351861-2,5508,2217.21,regular,2018-03-04
85021288-8,4261,634.69,regular,2026-12-16
26617143-X,2408,464.86,regular,2015-10-25
21412993-2,8472,96692.18,vip,2014-07-20
40152334-6,7596,3756.74,regular,2012-05-04
99675682-X,2488,1281.51,regular,2012-06-02
25155603-5,5929,4114.2,regular,2013-07-12
00199338-6,6375,2525.93,regular,2018-08-12
73238646-7,5598,2519.43,regular,2023-07-06
84321707-4,5801,4016.39,regular,2023-10-19
01910360-2,7601,3645.78,regular,2018-05-21
61556377-9,5598,86992.4,vip,2023-08-23
29754421-8,5598,16176.07,vip,2018-07-22
90279110-9,3483,4002.31,regular,2026-03-01
05799798-4,1579,4003.23,regular,2026-02-14
33364944-1,5327,1633.71,regular,2013-03-08
24122605-6,4330,3001.89,regular,2017-07-14
00457829-X,5522,4977.46,regular,2016-06-10
66952703-5,4881,1118.16,regular,2020-08-22
88411093-8,6375,1398.91,regular,2023-03-29
52893901-3,6539,448.67,regular,2021-09-11
27703317-X,6865,3748.04,regular,2021-03-03
32607229-2,7061,366.09,regular,2013-04-01
65875929-9,5541,2777.06,regular,2022-07-08
85760774-6,7659,2285.08,regular,2014-04-12
88571174-X,4881,27664.07,vip,2026-07-27
71519210-3,2853,1270.66,regular,2015-06-30
08571408-6,9259,4076.61,regular,2024-08-30
46234134-5,7581,389577.98,business,2019-01-22
41783300-3,2408,96935.89,vip,2010-07-30
44140875-6,7659,1288.85,regular,2013-12-01
34512809-4,5541,4144.39,regular,2021-10-28
29845699-X,4459,3733.76,regular,2010-02-19
77211573-6,7659,1727.87,regular,2020-05-26
79320745-3,8472,4507.41,regular,2022-05-15
22571055-5,9398,2975.4,regular,2011-08-20
73300193-3,4459,453.19,regular,2012-03-11
56292594-2,2853,33775.44,vip,2012-05-01
74168281-3,6499,34153.13,vip,2015-10-23
63682873-4,2925,746.8,regular,2015-01-26
33895977-9,5274,4423.66,regular,2016-01-06
65659728-3,7135,1406.69,regular,2026-11-25
43904820-X,7224,3370.42,regular,2016-04-25
56889075-3,7479,2125.62,regular,2022-12-21
23947285-9,4091,1787.57,regular,2015-02-23
05952270-X,7596,4862.65,regular,2026-02-23
19342319-4,6920,3861.83,regular,2012-05-06
59778261-8,1579,30541.75,vip,2010-11-04
08284015-7,6370,2713.67,regular,2023-12-17
64209243-X,7601,4238.01,regular,2014-11-13
23338968-2,7300,2704.03,regular,2012-10-03
97754009-X,9201,904.29,regular,2015-11-05
95810690-5,5683,3567.1,regular,2022-11-23
47338146-1,5327,2516.56,regular,2017-08-04
59924269-X,4091,306397.22,business,2013-01-07
67689219-3,8472,495134.11,business,2013-08-26
13644728-X,5559,2397.47,regular,2015-06-05
35211525-X,4006,591.49,regular,2017-03-13
24857166-7,9599,2836.73,regular,2025-06-16
51336807-6,9824,1925.47,regular,2024-11-13
12190310-7,7601,30104.75,vip,2014-04-21
06795026-X,5274,3012.44,regular,2026-09-13
70378406-X,5683,3454.82,regular,2020-09-18
85721936-X,8278,898.21,regular,2012-08-23
28776165-2,4635,3983.74,regular,2020-01-06
69274400-4,6375,4280.46,regular,2026-03-02
03829445-X,3650,4602.64,regular,2018-12-28
97272173-5,1033,818.3,regular,2025-04-30
95988845-8,3824,4051.24,regular,2022-03-04
03762333-5,9384,2351.59,regular,2018-03-22
55976015-5,9628,543.25,regular,2021-12-09
66667631-X,5929,3749.65,regular,2015-08-17
67128659-6,5304,3665.95,regular,2018-01-20
72638176-9,6370,462.46,regular,2017-05-01
90781972-4,8372,430611.91,business,2025-04-20
97789639-1,3483,4643.14,regular,2026-06-27
01112419-X,9628,2186.05,regular,2020-11-09
47171040-X,4993,58698.94,vip,2025-02-17
77891366-1,1899,3656.21,regular,2011-06-21
81167554-3,3391,64352.82,vip,2013-06-18
21855393-1,9628,590.47,regular,2010-09-15
18395555-X,6524,4924.37,regular,2010-11-21
33624509-4,9599,4114.13,regular,2016-04-19
57924030-X,7338,820.31,regular,2023-12-03
87109100-3,2853,3148.2,regular,2023-01-25
58946743-X,1899,2352.13,regular,2021-04-20
77718830-X,6256,852.99,regular,2017-07-16
50037014-2,3801,4434.26,regular,2018-11-13
22822122-4,4032,153.05,regular,2018-11-21
65708740-3,4076,3116.16,regular,2025-11-18
46574755-4,5508,49418.92,vip,2017-09-01
70360097-4,2853,67694.77,vip,2015-02-23
44456525-X,6499,3029.76,regular,2024-06-25
78755984-2,4076,1312.47,regular,2017-08-28
85158569-1,5274,54654.13,vip,2010-06-28
59370517-3,2483,1632.94,regular,2010-02-22
74919960-8,2370,1605.02,regular,2012-07-18
17729666-6,6865,4070.23,regular,2012-02-11
18568768-5,9746,1525.43,regular,2019-09-23
08274409-8,5801,4173.21,regular,2010-11-29
98388283-5,6798,149.09,regular,2012-06-30
32874970-9,7596,159828.51,business,2026-01-23
63705855-7,3441,2945.18,regular,2013-03-31
46112677-8,4635,16057.07,vip,2022-07-08
51415373-9,5478,2605.76,regular,2019-08-25
66929948-2,6524,4429.7,regular,2016-02-14
40621901-8,3832,67702.44,vip,2010-02-01
20881368-1,3491,3008.19,regular,2018-08-24
43548552-1,3686,4001.0,regular,2025-11-15
68156018-X,3449,2682.33,regular,2026-06-17
42118908-6,8428,124782.3,business,2010-12-29
29299166-6,8278,2952.08,regular,2010-11-12
93517467-2,9259,3090.6,regular,2017-07-25
23537653-8,4032,2406.0,regular,2012-08-10
76087110-X,3441,2179.52,regular,2014-11-16
25929705-7,3832,3034.06,regular,2010-03-07
37354836-7,5522,650.86,regular,2011-09-25
46279982-1,9599,3144.57,regular,2016-11-21
44697657-3,7135,15.45,regular,2026-07-10
99919341-8,5357,1859.08,regular,2017-07-31
50896831-9,2484,99572.56,business,2017-09-09
12363870-X,5541,83169.51,vip,2023-11-17
70259902-8,4993,269.33,regular,2016-09-12
17317234-7,5087,2994.63,regular,2021-05-26
66017041-1,2488,4941.39,regular,2022-04-17
26345809-3,7094,282.15,regular,2026-08-08
41745993-2,2817,3425.84,regular,2024-05-08
92814195-7,8785,4103.22,regular,2015-01-14
77509939-5,7817,1671.32,regular,2013-11-10
48543721-8,7508,2046.46,regular,2011-07-18
87878499-5,3650,4587.33,regular,2020-03-17
66842099-6,4796,93737.41,vip,2016-11-23
75162166-8,3650,4535.65,regular,2026-10-06
39738364-4,7928,3420.32,regular,2021-07-01
04973055-6,6920,90821.8,vip,2018-08-31
27055360-7,9161,4858.6,regular,2026-11-16
98867898-X,3483,3310.76,regular,2010-01-03
27329649-2,5522,2592.29,regular,2010-09-20
02131609-6,6865,201778.01,business,2013-08-26
74779632-8,8428,2483.1,regular,2015-06-12
91202620-6,4280,62878.13,vip,2023-01-27
50636654-X,1571,3210.38,regular,2018-03-12
45375449-X,9628,4664.38,regular,2022-03-27
99259734-3,8538,1705.65,regular,2010-04-11
99972346-5,5801,57201.98,vip,2011-09-12
83665984-5,9961,1604.31,regular,2019-03-19
43042151-2,2786,644.56,regular,2017-07-16
41509572-6,4993,189669.79,business,2017-07-14
84867152-X,3147,3544.19,regular,2013-12-15
06814270-7,1641,1163.3,regular,2024-06-16
77004656-X,5929,18303.96,vip,2024-06-14
15850477-3,9161,3423.1,regular,2024-04-13
69165443-5,7094,32806.35,vip,2018-10-29
59482618-4,4251,4163.97,regular,2022-12-16
20955203-3,4006,1583.22,regular,2014-09-03
68901045-6,9384,1430.35,regular,2023-06-21
90364540-2,7094,3667.37,regular,2016-09-12
50592956-X,5046,2145.02,regular,2022-08-15
01679991-2,7053,4592.17,regular,2019-01-18
01254468-X,5708,66.46,regular,2023-12-30
82518952-9,3940,175347.27,business,2012-09-15
89530301-9,5522,82601.89,vip,2013-11-14
95745701-5,6865,3724.91,regular,2026-03-20
25860336-6,6499,1572.36,regular,2016-06-08
94577796-4,2483,2410.92,regular,2018-10-24
80183094-6,3824,1464.42,regular,2016-05-20
18289437-2,2370,205918.23,business,2013-07-22
33164708-4,6920,1704.18,regular,2025-11-13
71581531-2,9961,3557.56,regular,2026-11-27
82718079-2,5213,2843.38,regular,2010-04-26
56471265-1,5478,244.22,regular,2019-12-16
15728349-7,9746,907.78,regular,2011-01-24
99094998-X,6370,58628.76,vip,2024-04-06
99686390-7,4330,4396.92,regular,2026-03-13
61072585-8,6499,4304.98,regular,2023-12-06
15686406-1,6375,2597.42,regular,2010-02-12
63149705-X,3510,2822.72,regular,2020-04-19
76051803-X,8148,20729.28,vip,2026-05-07
10803271-6,2483,2000.66,regular,2015-03-25
18928829-1,7300,2780.01,regular,2013-11-10
12428473-2,4993,3073.26,regular,2011-11-25
51066821-9,5478,196797.04,business,2024-03-10
48580317-1,7556,50816.6,vip,2023-06-23
12936802-2,3801,66688.88,vip,2014-02-25
81395752-9,7596,393.61,regular,2018-11-24
00400978-7,9824,565.81,regular,2018-09-28
48483267-2,7196,81934.52,vip,2013-02-12
46888957-6,3391,761.44,regular,2013-10-15
21562982-X,1033,1584.07,regular,2013-02-12
44983522-3,2817,705.21,regular,2018-09-13
19292277-7,1641,198.61,regular,2026-07-19
15446452-2,9259,1730.81,regular,2014-02-22
38599194-3,3801,4991.9,regular,2015-10-12
56548022-4,3491,2114.14,regular,2015-11-01
63531125-3,6865,1515.27,regular,2024-07-04
49488687-4,6524,3541.71,regular,2026-03-05
28517588-6,7330,4394.81,regular,2017-12-13
45207026-3,7135,37998.55,vip,2026-04-18
99267859-6,6920,4747.47,regular,2014-08-07
68568619-5,8785,3945.25,regular,2026-10-06
59145006-X,3195,35937.24,vip,2014-01-17
47712632-4,5559,4214.76,regular,2026-01-09
05785733-5,6524,1656.4,regular,2020-02-25
65341646-X,7094,3118.57,regular,2016-12-28
66345181-8,6730,90012.77,vip,2020-04-08
11401107-3,6539,4587.74,regular,2025-10-24
03225072-4,8278,858.01,regular,2015-05-05
76097541-7,2745,688.35,regular,2018-08-12
57920724-1,4261,3982.33,regular,2016-07-25
25874673-2,8428,1742.71,regular,2021-10-30
81149224-2,3441,1128.32,regular,2014-03-12
24671006-3,9765,219220.66,business,2020-02-05
53117953-8,7581,3523.33,regular,2013-08-27
82953558-8,6539,4267.1,regular,2015-05-27
46569042-1,9961,3868.49,regular,2012-08-18
52796918-1,2483,49343.77,vip,2021-08-30
59595341-X,5087,2825.94,regular,2026-05-06
33663606-6,3940,2846.04,regular,2013-07-27
40350911-8,9984,98058.14,vip,2023-12-11
69339651-2,8278,230179.35,business,2011-03-10
10888860-7,6920,1722.22,regular,2019-02-03
87878122-4,3650,4753.14,regular,2026-11-21
86437384-4,7750,4474.5,regular,2017-01-02
37497831-2,9961,97341.77,vip,2012-06-12
28733952-7,7094,190.57,regular,2026-12-09
40481964-1,9938,99032.44,vip,2011-08-20
34661776-9,7300,4158.38,regular,2026-02-10
02493685-3,7315,1883.33,regular,2019-10-23
29388237-2,7479,4533.2,regular,2012-02-08
16248880-3,5274,4569.11,regular,2023-09-03
60456395-5,5338,95468.56,vip,2022-03-09
79365905-6,7135,3513.28,regular,2025-05-22
86889677-3,7928,1330.6,regular,2013-01-13
31957033-2,3147,1410.88,regular,2012-08-21
73086673-9,5598,31771.8,vip,2011-05-17
03004673-8,2212,89145.3,vip,2024-04-20
62466534-1,9938,3916.53,regular,2015-05-08
20861627-4,3940,17846.24,vip,2011-01-26
83570707-3,2786,1944.93,regular,2017-04-29
23083134-X,6375,243992.02,business,2016-01-14
93514543-8,2408,3693.49,regular,2017-03-16
30230037-9,6485,3709.32,regular,2024-10-04
78406358-X,4993,87543.56,vip,2021-10-16
70922554-8,2212,3457.11,regular,2023-08-16
07937041-2,8785,1262.32,regular,2017-11-09
25135062-X,7601,824.36,regular,2023-05-17
30789062-X,3686,4154.46,regular,2014-07-25
15710268-X,9961,599.41,regular,2022-04-05
41712965-X,8472,3857.75,regular,2025-10-10
53344310-8,1241,2413.21,regular,2010-12-03
63473543-X,3441,3751.97,regular,2024-03-01
07940404-7,6539,208385.56,business,2016-06-10
30554559-1,1783,1753.66,regular,2011-10-27
90117974-5,5598,2372.4,regular,2025-06-02
13040513-7,3441,1421.7,regular,2026-12-12
48288370-9,7224,14157.31,vip,2010-09-02
03273567-6,8631,75601.56,vip,2013-08-21
74253793-9,9824,3554.96,regular,2018-12-23
89720924-X,3441,77530.24,vip,2014-03-13
70928960-X,3801,87130.62,business,2023-12-15
03499509-7,7315,4210.13,regular,2019-07-10
59042184-6,3995,1760.5,regular,2011-03-03
24705367-8,3441,2976.71,regular,2010-08-23
23388176-5,9746,597.2,regular,2013-05-20
39945202-8,7094,517.77,regular,2022-05-20
54404062-1,5046,1414.54,regular,2011-09-13
63114470-3,8538,2831.63,regular,2010-10-28
35728998-9,5304,99446.17,vip,2025-06-24
62804574-1,9961,3655.63,regular,2020-08-14
22589376-2,7817,419871.53,business,2016-05-04
76086604-3,9599,4586.02,regular,2013-11-29
17324758-3,3801,3674.6,regular,2010-01-10
54137884-9,5644,1592.68,regular,2024-02-16
84628163-5,9398,2402.22,regular,2017-02-10
36385676-6,4796,988.91,regular,2014-11-24
89430690-7,1571,3682.59,regular,2017-09-25
00405573-X,1899,2368.68,regular,2018-01-27
11906327-9,5598,1850.44,regular,2016-08-01
79272240-6,9938,1160.03,regular,2013-07-06
47357238-7,8472,4954.12,regular,2012-08-23
22565779-4,3592,1294.22,regular,2014-07-13
91600859-5,7479,1300.89,regular,2021-08-14
79474876-X,4796,207.86,regular,2015-06-15
10068729-6,5598,510.9,regular,2023-06-14
29889841-5,7556,735.13,regular,2018-08-19
17549336-5,7330,339724.6,business,2010-07-11
70502134-6,1953,3150.42,regular,2011-03-22
07551770-4,6784,2952.58,regular,2017-12-20
67028143-2,4006,1263.48,regular,2022-09-24
79298408-1,6499,4455.87,regular,2023-01-27
67493399-7,5327,3534.33,regular,2020-10-19
63975186-8,6784,4333.19,regular,2026-10-12
92166433-8,6499,3972.24,regular,2012-04-28
92359928-1,7760,975.56,regular,2013-04-17
42917324-4,4091,2055.73,regular,2022-09-18
90108757-3,1899,95172.62,vip,2020-06-11
55359719-6,7135,96743.26,vip,2019-08-02
43011582-X,3995,3310.27,regular,2016-10-24
34464289-9,4280,1766.01,regular,2019-01-03
95870569-5,7596,45373.69,vip,2018-07-15
20544969-7,1241,2796.32,regular,2021-10-07
47769201-1,5304,4072.93,regular,2014-12-03
81611164-7,5598,459822.01,business,2021-03-14
39035305-7,5683,235.77,regular,2013-12-23
66990293-6,5697,1589.88,regular,2012-05-20
51021767-9,2817,4714.7,regular,2022-09-09
27359228-5,7053,3847.63,regular,2017-10-24
09934035-6,1579,426646.86,business,2026-01-08
61459462-3,1226,52757.58,vip,2021-02-24
14986486-X,7514,1384.91,regular,2025-09-03
22014921-4,2484,2217.59,regular,2025-10-06
37735977-3,8687,766.37,regular,2019-08-06
77554676-1,8687,4453.98,regular,2017-04-12
09939085-4,4881,2470.51,regular,2021-04-13
95054028-6,8278,1845.69,regular,2018-04-03
62419238-X,8148,3810.9,regular,2020-10-27
53262852-6,7204,2295.06,regular,2015-01-25
25380553-2,8372,246977.37,business,2014-07-18
08465552-X,6485,2696.43,regular,2011-11-01
90020767-2,6227,3795.22,regular,2017-10-04
18753327-1,2370,446.53,regular,2019-06-06
91231830-5,5598,3340.31,regular,2020-10-16
59508202-2,7204,2538.6,regular,2021-05-29
30458786-X,8785,1905.99,regular,2010-07-26
21151439-3,9384,1169.5,regular,2016-06-28
45515567-5,1241,3603.87,regular,2022-09-07
11251778-4,5522,2225.87,regular,2012-01-28
73061423-3,9384,1000.56,regular,2020-02-28
46399919-7,9746,3254.94,regular,2012-03-17
65942966-1,3801,4843.16,regular,2023-05-09
96247412-X,9384,4774.71,regular,2024-05-11
25556350-2,1899,1971.98,regular,2010-10-10
57413639-5,3449,4602.46,regular,2023-11-23
78765614-6,5559,1105.3,regular,2015-07-25
14352445-7,9765,500.3,regular,2019-11-01
85081647-7,7330,1082.51,regular,2021-04-29
99767665-6,9984,3971.38,regular,2026-08-16
82964045-5,8552,1887.36,regular,2012-02-24
67230953-X,5327,3451.72,regular,2026-11-20
53299234-3,3592,4227.54,regular,2018-01-29
74992225-9,9398,4286.98,regular,2012-05-07
92311531-1,9824,129.54,regular,2022-09-07
59764366-X,6485,60952.83,vip,2017-07-12
36710588-5,2408,3094.45,regular,2018-02-08
65470090-2,6524,4510.57,regular,2016-10-01
85621362-6,7204,1310.81,regular,2024-11-18
69729912-8,5087,2945.65,regular,2017-07-29
54421939-3,9820,653.74,regular,2024-01-14
34275285-1,6375,193797.33,business,2019-12-22
95987255-7,5478,2305.57,regular,2012-04-20
09004972-2,9201,35212.29,vip,2019-10-04
09290496-7,8148,2943.84,regular,2020-10-05
46008837-1,8372,3715.87,regular,2019-06-28
17354672-X,6865,2227.8,regular,2015-05-17
00625480-1,5929,91329.86,vip,2019-02-05
65688587-2,9201,69309.0,vip,2024-03-07
78518127-7,6721,3393.8,regular,2025-06-08
08850911-4,3995,312250.39,business,2024-04-10
23945984-6,2484,4860.71,regular,2017-06-29
52926366-7,3940,2073.02,regular,2020-09-28
43310215-X,6784,4195.38,regular,2018-03-01
21126234-4,7596,1199.36,regular,2020-12-25
02660116-6,5559,4485.69,regular,2017-06-08
97863794-2,3824,258959.69,business,2012-09-02
04962056-4,7094,21304.82,vip,2024-04-02
89092023-6,2483,43997.13,vip,2023-01-21
64924272-1,5213,70350.55,vip,2017-11-02
86249643-2,1876,1594.54,regular,2023-12-08
63707542-8,3940,4218.07,regular,2020-03-06
79194686-7,7596,47600.49,vip,2016-08-20
84872520-1,2212,67430.22,vip,2010-01-31
92330569-3,9398,3443.36,regular,2023-11-15
76672752-2,6539,4769.71,regular,2025-03-22
31626053-3,2960,419583.24,business,2023-08-31
05351813-3,3449,3204.82,regular,2015-09-27
50493824-X,6524,636.19,regular,2014-12-05
03651500-2,9938,4528.49,regular,2015-04-08
64698307-4,2745,57217.51,vip,2010-10-22
22367985-2,6485,219665.76,business,2013-05-07
46512922-2,1876,84296.82,vip,2023-07-26
34206263-3,5338,69893.95,vip,2016-01-13
97726557-3,5338,109.17,regular,2025-05-04
33673989-3,2786,2967.34,regular,2017-11-09
96663455-6,5213,1083.4,regular,2017-08-01
14724496-3,8631,1973.32,regular,2017-08-13
11258593-8,7061,1523.03,regular,2021-02-11
37086713-X,6375,47446.16,vip,2026-09-18
95212185-6,9746,1841.77,regular,2021-01-19
48722627-5,3801,4812.32,regular,2015-03-02
96224157-1,5338,141539.25,business,2017-03-05
68023811-9,7556,2466.29,regular,2025-02-05
34694078-X,5929,307393.47,business,2021-10-05
83989639-6,5508,4947.28,regular,2018-12-04
62897805-8,1571,243.41,regular,2014-03-25
67450374-1,9824,53892.91,vip,2019-02-19
78105407-4,7508,3603.2,regular,2013-01-28
31420192-6,7596,4729.83,regular,2012-12-09
87711492-7,4261,151.52,regular,2011-02-15
92995844-7,7556,3162.05,regular,2020-07-13
24984609-2,5522,360.76,regular,2023-03-14
17123049-5,6764,71555.85,vip,2016-10-09
96775781-7,4330,4011.84,regular,2013-06-05
04330303-5,4091,454131.65,business,2011-03-10
31380483-X,1226,24944.32,vip,2014-02-02
11585106-5,3449,164.18,regular,2018-05-18
28277564-X,5304,58302.47,vip,2016-11-24
59107360-2,1899,1356.67,regular,2025-12-09
94581342-1,9201,2598.06,regular,2026-05-13
66290504-4,2212,4608.83,regular,2017-01-06
31454218-7,7596,349569.79,business,2019-09-30
30452093-3,9961,92516.07,vip,2023-07-01
79601374-3,8687,4151.66,regular,2016-11-20
24730958-5,1810,1326.83,regular,2022-11-28
30197165-4,9201,3065.35,regular,2010-04-03
46234794-7,2370,2220.89,regular,2016-10-15
68701602-X,3510,1687.1,regular,2011-07-28
00034939-7,7315,1851.32,regular,2013-04-17
08825023-7,3491,597.09,regular,2016-01-01
64487267-6,9161,2434.7,regular,2026-01-03
75599121-7,1810,4858.75,regular,2026-10-30
54973399-5,2370,3016.4,regular,2022-01-27
72473916-7,7135,48473.49,vip,2015-02-15
53408203-1,9628,263872.5,business,2015-05-22
55277840-5,3391,3510.6,regular,2013-11-09
35175776-X,5327,1446.04,regular,2017-08-13
63324944-X,9161,71699.56,vip,2026-05-19
72423847-3,9599,4851.17,regular,2018-05-09
39168959-7,3995,2735.29,regular,2026-03-06
64926370-3,4280,2090.16,regular,2017-03-14
83394308-5,7928,75889.85,vip,2021-01-23
32139295-8,4796,3652.23,regular,2019-06-07
12031419-4,8428,96070.31,vip,2016-07-04
90734298-2,9938,4673.45,regular,2020-04-02
78547287-3,4032,2102.79,regular,2025-12-23
59079042-1,5274,269328.54,business,2023-10-06
39935707-4,1783,422.74,regular,2025-12-01
81638821-3,9627,73642.75,business,2020-06-23
15540776-X,6700,91640.44,vip,2015-06-21
01791364-2,9628,1240.73,regular,2016-02-13
72058658-X,9824,188.17,regular,2014-02-19
38978074-X,1579,12671.4,vip,2024-06-21
64451523-X,8552,4954.77,regular,2020-01-16
06953968-X,3686,251.57,regular,2022-07-20
41271829-8,6730,44910.86,vip,2021-06-06
97089952-5,7581,2253.55,regular,2026-01-19
27652779-8,1876,1739.42,regular,2018-12-20
29839452-2,1130,849.49,regular,2018-05-14
83179703-5,4032,2470.39,regular,2022-10-04
32976954-8,7928,2102.01,regular,2011-01-04
09501515-3,5683,4680.3,regular,2019-04-28
56900044-7,3801,20084.23,vip,2010-06-13
72481740-6,1571,3412.97,regular,2025-02-26
64961040-X,6784,1767.79,regular,2010-11-03
57166734-7,5830,32459.12,vip,2014-09-04
58501725-6,7224,4331.1,regular,2023-06-23
59138572-9,4076,38.86,regular,2022-11-02
08674622-X,1571,2712.73,regular,2021-02-23
28054561-2,5541,11346.61,vip,2023-02-03
32950187-X,2960,90599.9,vip,2012-07-11
11075582-9,7659,1554.46,regular,2018-08-04
39380828-X,4280,53378.97,vip,2021-10-28
92048144-4,3995,53290.52,vip,2011-09-01
55746902-5,5213,1038.64,regular,2016-09-27
58537528-4,4076,4731.46,regular,2017-12-12
93142640-9,9599,419.7,regular,2014-09-08
34845757-4,7928,2738.49,regular,2023-07-26
32029683-6,7556,1729.49,regular,2022-02-26
00107011-4,6375,550.08,regular,2021-02-19
00086033-2,9746,238226.44,business,2025-07-31
89783573-7,4261,1462.11,regular,2020-05-17
55524751-8,6784,227.78,regular,2019-08-28
50468978-1,7704,3046.98,regular,2011-05-24
19419630-6,1579,1615.85,regular,2024-02-12
81080971-8,5478,4851.2,regular,2012-03-29
01370890-7,9628,69291.36,vip,2017-06-27
92056533-6,8538,806.28,regular,2023-05-17
79237399-5,1641,3249.75,regular,2013-07-01
65599108-4,8278,4757.75,regular,2021-06-27
45551499-2,7094,3448.21,regular,2014-03-08
04423400-7,7556,3187.19,regular,2014-07-24
10885421-9,7581,3312.39,regular,2021-03-29
07918793-6,5541,3570.93,regular,2024-02-09
12748418-X,8552,3248.48,regular,2011-08-10
72099572-X,7760,822.09,regular,2010-12-19
84547076-X,3483,2523.4,regular,2010-04-01
85029152-4,8278,2035.91,regular,2017-03-18
07306139-9,2483,1626.07,regular,2022-05-11
56745496-X,3441,4845.75,regular,2012-12-25
08030931-X,7224,4469.44,regular,2014-09-11
39213850-2,4261,150.3,regular,2021-11-08
96073214-4,5830,2166.64,regular,2026-01-01
62572546-3,1834,298.19,regular,2022-10-13
34975358-6,5478,3070.25,regular,2012-12-08
97703469-8,5213,4989.42,regular,2017-12-21
19056953-5,3995,2308.0,regular,2024-04-30
17460900-5,6499,2883.76,regular,2025-02-13
37541319-6,3801,493.94,regular,2017-05-30
00191249-3,7760,2134.28,regular,2012-07-29
01593631-7,4261,4685.76,regular,2017-03-23
50910117-X,7601,400865.1,business,2021-10-02
53680432-2,3441,55717.87,vip,2019-07-31
67494629-1,3147,1164.0,regular,2025-12-18
54195956-6,6499,51120.68,vip,2017-11-21
80231298-6,3491,4682.52,regular,2014-01-02
03590899-4,6700,642.81,regular,2019-10-16
72814906-3,8428,143.6,regular,2026-12-12
86734241-X,3195,89910.73,vip,2014-01-21
60241201-5,6822,815.08,regular,2011-09-17
58503627-1,1810,1726.32,regular,2015-03-26
66972173-X,9820,2137.71,regular,2018-09-28
00599989-5,4091,20312.49,vip,2026-11-26
02924048-9,3832,4420.15,regular,2011-05-02
19865787-9,7315,4482.94,regular,2012-04-25
71807872-9,7094,1643.75,regular,2019-10-23
21834365-4,7338,199867.52,business,2019-08-30
26964494-6,7750,34.05,regular,2024-07-21
36259960-9,4796,4766.53,regular,2021-03-13
78438267-8,9820,1185.62,regular,2017-11-16
78823133-X,6700,16902.24,vip,2011-10-16
21536908-8,8472,2805.74,regular,2025-04-15
52990743-7,7135,2806.35,regular,2018-05-28
90893699-2,3491,3217.79,regular,2013-11-05
60879188-1,4635,78908.51,business,2017-05-01
05604774-6,2212,892.45,regular,2021-05-09
29989049-7,4280,3561.33,regular,2024-02-18
41572369-3,5338,1554.79,regular,2021-11-20
84723791-X,9627,1681.65,regular,2017-01-04
87659266-5,3147,3726.0,regular,2015-12-21
39842921-5,6865,1128.57,regular,2024-07-07
28557563-X,6602,3177.18,regular,2010-09-23
96122847-7,3510,38861.06,vip,2018-02-21
03028460-8,7021,940.74,regular,2015-10-15
16977601-3,7704,3859.63,regular,2010-12-17
62712236-9,5046,890.17,regular,2026-05-31
95734831-9,5327,4474.54,regular,2015-02-07
61873882-4,4993,786.63,regular,2022-09-17
46779795-4,9765,917.23,regular,2016-02-14
91873853-6,3995,351925.29,business,2017-12-23
40750126-1,6227,1963.73,regular,2012-11-03
95161839-2,9984,27828.71,vip,2018-12-25
14570995-9,5213,12387.57,vip,2021-08-21
08106937-8,8538,3763.44,regular,2022-08-17
16712463-X,7817,956.4,regular,2026-09-11
20236776-6,5087,63.81,regular,2016-07-22
52151661-5,5541,3200.96,regular,2024-12-28
59528582-6,6539,2190.15,regular,2021-02-20
63592577-6,5338,29814.77,vip,2010-06-22
28628820-1,1783,1136.97,regular,2018-03-20
79080238-3,5801,3924.77,regular,2016-06-19
08675630-X,8687,3293.5,regular,2020-02-26
70070690-9,1876,2109.93,regular,2014-04-12
30659517-1,5644,1792.76,regular,2019-10-06
59231871-1,8785,2073.59,regular,2013-10-10
57646886-7,3449,2935.86,regular,2013-05-24
29163023-3,6920,4038.72,regular,2016-04-05
15444337-2,7760,3253.55,regular,2010-06-14
90881162-X,9201,34048.68,vip,2024-06-14
70669923-2,3391,892.16,regular,2017-10-04
85425120-5,9201,4629.25,regular,2011-09-22
84396028-9,1214,4396.32,regular,2022-10-24
95316532-8,3510,79520.2,vip,2020-04-12
59303622-X,7300,37.67,regular,2013-05-29
39890372-X,6485,2552.13,regular,2016-09-30
14818495-9,7330,190.99,regular,2022-04-22
59635133-X,2488,2019.13,regular,2014-08-14
31248070-1,1130,3802.34,regular,2010-10-02
49785094-X,1033,129.97,regular,2013-02-05
80907279-2,5304,3080.51,regular,2022-05-17
97924393-X,5087,84472.49,vip,2016-04-18
34513281-5,7659,21371.55,vip,2024-01-27
04678929-8,8148,4527.17,regular,2013-01-08
80942700-X,3510,2871.15,regular,2021-12-05
92708541-1,2925,13420.35,vip,2026-07-27
37469037-7,3391,3254.39,regular,2014-06-25
61145445-X,4091,342587.12,business,2021-07-15
76918139-6,6784,4571.25,regular,2018-10-09
69769545-9,9214,3862.31,regular,2023-01-19
33054601-6,2484,1340.93,regular,2024-02-02
69661754-6,5644,2115.21,regular,2015-03-03
44243068-2,1641,4619.64,regular,2013-09-17
00669456-1,7596,363.6,regular,2014-07-19
81866069-6,7704,4002.3,regular,2021-10-26
05056176-X,7204,4051.18,regular,2024-01-13
84962356-4,7596,840.75,regular,2023-10-16
26010921-4,5644,457.88,regular,2022-03-03
21777397-4,4251,209.91,regular,2016-09-22
65752405-8,3510,1932.4,regular,2010-04-11
88718488-X,5541,26139.36,vip,2024-02-24
90030510-9,7750,148.87,regular,2023-02-23
14316965-X,7053,4029.17,regular,2020-10-21
81854811-1,5708,1286.1,regular,2020-12-06
83036465-X,6865,615.47,regular,2022-10-16
55343092-2,2370,1364.9,regular,2012-02-21
54758127-7,6375,3416.28,regular,2021-11-01
99045247-9,7021,331.15,regular,2026-05-10
70920473-4,6539,4726.05,regular,2012-06-03
44246612-9,9746,2961.61,regular,2019-01-30
96833009-5,7135,4476.65,regular,2021-01-04
36774074-5,2745,2831.36,regular,2026-06-12
14656302-5,1876,3052.73,regular,2013-02-12
36642753-1,5598,539.32,regular,2019-11-13
89438028-2,5478,4199.51,regular,2016-04-13
97235702-X,9820,2290.98,regular,2021-02-12
61510965-6,2212,2907.27,regular,2025-12-31
78073482-7,7659,1388.94,regular,2014-06-01
73600623-5,5357,3251.35,regular,2026-11-02
32283398-5,8631,32434.47,vip,2021-08-11
28577626-4,9824,2479.22,regular,2025-04-21
33765735-7,2745,81075.85,vip,2017-01-02
09387270-1,5598,4138.57,regular,2015-05-13
81845013-X,4459,2098.95,regular,2016-02-03
54742823-X,9214,2717.53,regular,2022-01-16
93335258-5,7750,3888.96,regular,2023-11-24
15866052-6,3940,2407.62,regular,2016-07-04
37744606-3,7479,4595.4,regular,2018-03-10
42745028-4,5522,2835.87,regular,2010-07-22
78856021-3,5801,1396.5,regular,2022-11-17
25996758-9,1953,2935.75,regular,2016-06-30
02867732-X,7817,2717.33,regular,2015-04-07
51707636-X,1130,18285.95,vip,2021-11-03
48514015-7,5801,336272.13,business,2015-07-23
81530368-8,8428,3080.34,regular,2025-06-12
30411674-3,8278,3370.37,regular,2012-06-29
82079252-X,6256,217066.89,business,2011-09-28
24675578-6,9938,4095.8,regular,2018-11-16
49924099-X,6602,85631.51,vip,2015-04-25
12856878-8,3995,278.64,regular,2017-08-12
15952333-2,2212,39736.77,vip,2022-07-09
38299297-5,4261,1972.09,regular,2018-11-13
70622096-4,7053,369.89,regular,2016-11-17
92615683-9,7596,3926.6,regular,2022-04-26
05799205-3,6375,1555.3,regular,2021-09-19
54034421-8,5338,4737.51,regular,2013-06-25
18638280-1,9824,1982.67,regular,2024-09-24
95575890-3,1834,4473.62,regular,2019-11-19
14405283-5,6822,41214.54,vip,2010-09-25
94145046-6,5830,1377.52,regular,2010-06-03
50266500-X,3223,2673.34,regular,2019-07-05
46052216-3,9820,13589.4,vip,2015-06-27
52163836-8,7750,4392.22,regular,2021-03-09
17272294-8,7300,582.49,regular,2023-07-17
27135405-5,5697,813.38,regular,2025-05-28
89730687-3,5598,1227.16,regular,2026-06-20
44682244-8,6370,79.45,regular,2012-11-06
57764852-6,9398,503.88,regular,2025-07-20
35697029-X,5338,3189.85,regular,2010-03-10
54197564-X,7053,3026.01,regular,2018-02-04
48171296-5,2212,1828.27,regular,2017-08-25
86604000-X,9824,4252.49,regular,2021-01-05
12003544-X,7204,1266.27,regular,2016-05-08
02327281-1,9201,3562.0,regular,2010-11-13
25263605-9,7224,3241.67,regular,2024-07-25
32466710-9,2925,363834.47,business,2023-12-31
00694936-3,6539,77369.37,vip,2024-08-24
80747483-X,5644,746.13,regular,2017-02-14
69185370-7,6822,120.27,regular,2018-04-07
90584645-X,1241,2865.92,regular,2020-07-31
30605088-X,4076,1391.21,regular,2018-10-15
06308965-3,1641,1149.31,regular,2023-07-07
62562318-6,7596,1304.46,regular,2013-02-03
48779332-4,3592,1414.8,regular,2025-10-30
84592086-2,5508,4577.98,regular,2010-07-02
98397996-5,5644,203855.63,business,2011-09-26
02902801-6,1130,46766.61,vip,2023-05-29
21621590-3,5683,1041.67,regular,2024-05-20
40793459-X,3449,1474.04,regular,2024-01-11
53823461-4,6499,907.8,regular,2021-08-03
15204169-7,7659,2303.28,regular,2022-05-04
41001777-5,3483,195.54,regular,2019-10-07
61494876-8,7704,23280.13,vip,2021-11-12
89128597-5,1130,4005.15,regular,2014-10-14
73583026-8,5522,1600.88,regular,2020-10-01
31527957-7,5708,3945.35,regular,2018-12-16
11961998-6,7330,111775.66,business,2023-08-16
65996610-2,2925,200538.48,business,2017-02-21
12586706-X,4280,4461.87,regular,2019-04-26
32018056-1,2925,765.52,regular,2025-05-24
80209275-6,4459,3674.5,regular,2016-06-01
50702132-2,3223,4870.91,regular,2023-08-13
83778822-8,5708,1292.79,regular,2022-12-08
23478175-3,8785,1477.75,regular,2013-04-17
04755472-8,4261,39413.3,vip,2024-08-21
47850872-X,1241,4011.29,regular,2025-01-16
95071676-X,6920,2377.57,regular,2011-07-25
23498293-9,9746,1360.3,regular,2015-06-15
31420389-X,7596,23301.34,vip,2011-09-03
01359579-7,8687,409.51,regular,2010-04-23
77176631-5,8785,1901.41,regular,2023-11-17
73756711-3,7508,3189.01,regular,2018-10-04
46101788-X,7330,2840.01,regular,2020-05-12
15567531-6,6798,3681.96,regular,2015-11-10
48304604-9,7704,255.11,regular,2025-11-26
95180172-6,7330,2309.75,regular,2015-05-30
94449599-2,3441,4629.49,regular,2025-11-09
84201182-3,3195,4984.53,regular,2020-04-27
44435925-1,7300,3427.28,regular,2026-12-29
21503201-1,3147,3264.29,regular,2013-09-20
64701904-2,3824,766.57,regular,2021-10-27
79750495-X,8148,2541.25,regular,2024-12-30
39845142-1,3483,4076.7,regular,2018-03-11
26967355-4,1214,3603.8,regular,2023-11-08
20151442-X,2370,2235.12,regular,2016-07-18
02467166-4,6539,2145.59,regular,2020-01-02
50162942-9,4280,1041.04,regular,2014-10-12
59746844-1,1899,3739.79,regular,2010-01-04
23309770-2,5274,59274.8,vip,2010-03-16
45412205-8,3940,167261.33,business,2012-06-05
98953399-6,5801,890.02,regular,2020-04-24
42024695-4,7330,3961.03,regular,2020-12-10
26171844-6,2853,4844.05,regular,2011-06-04
51585651-1,9161,3283.38,regular,2015-07-25
80562700-7,7659,1998.18,regular,2019-05-06
44197122-X,6764,2851.15,regular,2013-08-02
86528213-X,5683,1307.32,regular,2025-06-19
89356328-6,3510,417.49,regular,2025-02-15
14110549-1,4993,4807.13,regular,2025-11-20
02156221-X,3449,380482.16,business,2013-07-28
43151143-6,9824,3885.19,regular,2012-06-08
96982212-7,2745,2455.13,regular,2018-12-12
88971334-4,5087,2880.54,regular,2020-03-09
32941339-8,6499,4082.44,regular,2016-01-12
98034807-7,5683,59710.45,vip,2022-12-27
72346270-2,7508,3168.17,regular,2025-10-03
29967347-1,7750,4418.96,regular,2026-11-01
19863766-X,2853,3445.9,regular,2025-12-04
65555617-9,9984,549.02,regular,2016-08-19
19114138-7,6721,74321.33,vip,2016-11-21
37830070-7,7760,662.18,regular,2025-11-13
57541687-4,1033,94747.0,vip,2011-02-28
80896330-3,7338,1483.99,regular,2019-12-08
52311283-1,5274,1965.26,regular,2016-12-21
56323855-3,9820,1388.18,regular,2020-12-15
07562058-6,8552,783.78,regular,2018-06-07
68373692-6,9174,4263.98,regular,2024-08-26
15837949-X,6721,959.74,regular,2013-09-24
16026006-4,1571,59062.36,vip,2010-08-24
06468655-9,8278,36125.72,vip,2011-06-15
37067132-9,7330,734.77,regular,2017-05-08
71166302-3,2483,20855.06,vip,2010-11-02
42125092-1,9746,194164.01,business,2018-04-26
42005133-9,5559,3931.72,regular,2015-02-11
11204812-X,9174,2714.49,regular,2023-02-28
50102057-2,3592,2973.11,regular,2014-09-23
85436868-3,4635,303696.48,business,2020-03-12
49748915-1,3223,3663.61,regular,2025-04-12
04146541-1,7135,2485.61,regular,2015-03-12
18679780-X,1226,153711.67,business,2010-07-12
25394555-5,7479,2025.82,regular,2013-06-11
09115893-1,1214,4653.66,regular,2014-07-04
80852056-8,7196,4295.35,regular,2023-10-01
02303750-2,9214,2112.47,regular,2024-03-31
98049324-7,1899,4650.84,regular,2021-04-05
84491904-7,7053,2107.76,regular,2021-09-19
55358307-1,4006,53295.73,business,2015-04-16
39852410-4,5598,82889.68,vip,2015-12-13
46118713-2,2082,3254.63,regular,2013-11-07
48744689-7,8372,2618.71,regular,2021-06-25
91287275-X,8278,4211.13,regular,2018-03-08
00197690-4,3832,389348.67,business,2018-12-05
95855620-9,3801,3100.6,regular,2022-09-11
24207199-8,8631,3529.71,regular,2018-10-17
77297640-2,9259,76011.7,vip,2025-04-04
56276998-X,2408,4802.16,regular,2026-12-01
36223082-3,8472,256.57,regular,2026-10-23
52460158-2,5683,4854.38,regular,2010-03-16
83752264-3,9984,3499.12,regular,2016-09-03
26621562-X,4280,3954.57,regular,2015-10-23
98408336-X,1241,3958.47,regular,2024-05-15
37109987-6,2853,3584.25,regular,2019-07-30
22960858-9,7581,2931.91,regular,2011-09-19
30812462-3,4993,2225.05,regular,2024-10-27
21156101-7,5357,3110.84,regular,2014-10-19
49335686-6,8148,2536.26,regular,2013-08-20
90617202-5,9161,988.0,regular,2024-02-21
29792027-5,7596,3220.42,regular,2016-08-20
67097376-8,6227,2396.14,regular,2016-06-17
31757615-X,2484,3586.2,regular,2025-10-22
97322310-5,7601,2594.09,regular,2022-08-06
04570052-8,8538,2670.25,regular,2022-08-07
32897627-6,9984,712.3,regular,2019-08-16
42143147-3,5644,2656.22,regular,2024-01-22
70944209-X,6730,379653.7,business,2022-04-13
91222813-7,2370,2843.31,regular,2019-09-11
59380287-2,9984,1395.26,regular,2017-09-05
81564195-7,7556,124107.86,business,2010-01-22
98451486-8,6721,67.8,regular,2011-10-23
67629913-4,3592,41843.62,vip,2024-02-17
71295777-8,6700,662.62,regular,2015-06-14
17811906-6,9259,3855.87,regular,2020-08-21
41597406-1,9259,2186.34,regular,2013-02-08
62766567-8,5478,3827.29,regular,2011-11-29
11565734-4,7601,4472.28,regular,2017-01-07
30795382-3,3195,91828.39,vip,2012-04-21
81110276-3,7479,240356.17,business,2023-10-25
33590539-3,4881,203692.79,business,2014-01-17
26989513-4,5929,309062.19,business,2024-04-23
24164051-8,5598,76599.77,vip,2021-06-06
71325204-X,9384,141.43,regular,2025-02-04
90493568-6,8148,82885.68,vip,2011-05-17
37105545-X,4006,51.35,regular,2011-04-17
41254180-1,7659,653.87,regular,2025-02-18
84679511-X,7928,2744.42,regular,2025-10-31
18587398-5,1130,4642.44,regular,2010-10-16
18181733-4,8552,4360.22,regular,2019-08-21
80961025-2,9824,3993.27,regular,2021-05-08
67451837-X,8631,4239.65,regular,2024-05-28
86666683-5,1810,29996.36,vip,2013-03-12
48204934-8,9398,1286.25,regular,2013-06-29
75000540-4,9214,4798.95,regular,2018-10-05
56511618-6,8687,1717.4,regular,2010-06-02
59262927-2,1214,3617.39,regular,2023-07-19
31905098-X,1899,1305.01,regular,2018-06-10
95874467-7,4459,369880.77,business,2017-05-18
90026489-5,5541,866.22,regular,2014-09-20
83312753-4,6370,2231.86,regular,2022-02-16
65533730-4,5929,508.0,regular,2020-11-25
37267423-8,6370,63.57,regular,2015-10-19
10323700-5,2082,4039.54,regular,2011-05-16
44691118-8,4330,2694.92,regular,2026-12-05
81907557-2,6764,11.79,regular,2020-06-16
68431780-3,1783,436724.06,business,2022-09-28
03117176-3,7704,1481.23,regular,2022-01-03
64594553-X,3491,85406.08,vip,2025-07-26
32795478-8,9765,4213.31,regular,2014-06-13
99840904-4,3147,4177.69,regular,2016-01-27
05524510-6,6485,2739.0,regular,2017-03-25
74625107-4,5801,675.26,regular,2025-02-23
33698079-8,7928,2396.92,regular,2020-02-19
66075280-8,6798,4043.76,regular,2020-05-24
83835328-9,9765,4327.35,regular,2020-03-14
78775724-1,9599,76.31,regular,2017-12-04
16366479-2,1033,1809.15,regular,2021-12-12
88502345-X,1899,2165.73,regular,2018-12-13
71684759-1,4032,4041.64,regular,2012-08-13
27937956-3,7021,1841.99,regular,2024-04-17
18545646-7,5213,1113.86,regular,2017-03-06
99369651-3,8428,1076.45,regular,2015-11-28
73231299-1,7479,2069.83,regular,2016-10-03
36316895-X,9820,3174.27,regular,2010-09-07
48143002-6,9820,4116.75,regular,2010-08-03
36642974-X,5559,50719.49,vip,2012-04-03
31247467-8,8538,1790.91,regular,2011-06-17
83341040-8,1641,62919.51,vip,2025-09-15
35409834-1,4881,1838.06,regular,2019-03-09
96021778-9,5338,2706.11,regular,2021-10-31
90866533-9,6370,2662.8,regular,2012-04-27
96420217-2,1571,3021.76,regular,2024-12-20
47406377-5,8148,2925.2,regular,2011-12-10
02936370-X,7514,2851.04,regular,2012-07-22
66249725-X,7750,336.48,regular,2026-05-31
76404503-9,5708,398869.59,business,2019-02-05
79675775-2,2853,1176.98,regular,2010-06-30
18693974-1,6370,2646.66,regular,2013-10-16
93898789-7,7704,69815.96,vip,2013-11-23
12578918-X,1214,3627.95,regular,2011-10-08
54525190-2,5801,2582.51,regular,2019-09-30
90171445-2,5644,4063.72,regular,2012-03-15
34049545-8,9820,2735.43,regular,2019-07-05
35527780-3,4261,1837.55,regular,2016-07-03
03412980-5,3592,3589.86,regular,2023-11-02
36946594-X,5508,2424.87,regular,2014-10-21
17634148-8,7659,14625.06,vip,2016-09-12
15669182-5,7596,2939.74,regular,2018-10-17
86483821-9,4280,97987.23,vip,2015-05-30
37863205-8,2853,1721.35,regular,2018-06-10
34602845-4,6721,188000.5,business,2024-03-10
04095702-5,6256,908.84,regular,2022-09-05
55952492-X,7021,44600.19,vip,2010-04-30
20272658-4,4251,1380.21,regular,2017-02-18
64926042-6,4881,82221.67,vip,2023-11-16
07549071-6,7817,1186.04,regular,2012-01-12
53458570-3,3449,4582.58,regular,2021-01-13
03289765-9,7508,952.98,regular,2016-01-05
45004894-8,6524,29863.29,vip,2014-10-13
80071524-5,5304,1687.95,regular,2026-03-11
59256967-5,5357,1604.17,regular,2020-05-09
15082377-6,3801,17720.79,vip,2015-11-25
20012726-2,5541,37303.33,vip,2023-05-24
19662836-X,4881,46499.57,vip,2017-06-19
72520431-X,4796,1779.08,regular,2017-06-01
55400659-8,5213,1366.69,regular,2013-07-26
15110269-1,8538,909.53,regular,2015-08-14
85478270-X,6227,3084.59,regular,2018-11-05
93941161-8,4280,468611.57,business,2017-06-11
39778880-7,5801,1917.26,regular,2021-12-14
41527853-X,2960,2080.18,regular,2018-08-29
30254842-7,4459,4682.84,regular,2022-07-31
74073947-X,9746,895.83,regular,2010-07-13
08248261-2,4032,3218.89,regular,2010-10-14
20649846-7,2925,73456.64,vip,2010-06-13
43823535-6,9746,1803.13,regular,2014-03-08
69485002-8,9398,71164.65,vip,2014-08-02
43435454-4,9161,3241.24,regular,2024-05-03
56063283-6,9174,3919.61,regular,2022-03-13
55651373-X,1953,4681.16,regular,2023-02-18
90457099-4,6865,304.54,regular,2020-10-03
20855711-9,5274,3058.01,regular,2019-08-15
37838758-5,6784,4548.02,regular,2010-10-29
51819066-1,9628,3779.89,regular,2023-06-22
97491130-8,3449,285.87,regular,2011-03-04
51145428-X,6798,26628.82,vip,2026-06-24
72373096-3,1130,4707.33,regular,2021-05-17
79918219-X,4881,4738.27,regular,2020-03-15
59720916-7,7061,2228.83,regular,2015-05-04
26821847-5,6822,1171.86,regular,2018-07-10
51600600-9,7224,40343.11,vip,2010-03-21
74707600-2,6764,21714.74,vip,2019-09-28
75523267-3,5338,4437.94,regular,2021-01-06
01866690-1,4032,33142.37,vip,2012-05-20
68536978-X,7315,2324.8,regular,2017-07-02
62125474-2,6256,4788.08,regular,2020-01-24
04530283-1,7556,3808.51,regular,2010-05-12
25381431-5,6865,3380.37,regular,2016-08-22
80813903-4,3832,24737.54,vip,2022-10-02
09563822-X,5683,1658.45,regular,2020-11-20
46365481-3,4330,42811.36,vip,2011-03-08
47980099-X,5830,67367.64,vip,2023-03-07
91867974-9,7300,326221.82,business,2019-09-06
04649655-7,4993,3764.57,regular,2017-07-15
46053176-4,9201,3092.18,regular,2010-05-23
68717509-4,6798,40587.7,vip,2010-09-23
60812405-3,8631,4950.52,regular,2020-08-30
68077068-2,5046,2892.93,regular,2015-01-09
53257386-7,6700,2074.93,regular,2022-03-15
68481864-8,7300,4168.75,regular,2012-08-29
40875903-1,7928,1762.1,regular,2025-10-19
53353504-7,2745,702.68,regular,2019-09-18
32787509-X,8428,2158.19,regular,2024-03-22
59811814-3,6700,1294.06,regular,2017-10-12
92996665-X,9961,381.18,regular,2013-12-29
31173251-8,6524,90417.72,vip,2013-03-08
50124728-9,5213,99830.36,vip,2024-01-19
64130597-X,4796,991.17,regular,2018-06-10
97271893-X,5478,4606.18,regular,2022-02-27
71631763-8,7338,3544.24,regular,2017-06-04
32958094-9,3650,3546.4,regular,2016-12-19
21436402-6,2212,4469.66,regular,2015-03-02
93746941-4,2925,247489.02,business,2017-04-18
98688040-4,6700,1140.8,regular,2013-04-23
40440494-9,1579,1661.9,regular,2016-04-04
00773046-5,6602,170348.16,business,2023-02-04
00621035-7,7704,2056.23,regular,2024-02-07
08385686-6,2082,4200.5,regular,2018-07-24
32324349-X,3391,1270.28,regular,2021-08-03
86766536-1,7204,161.1,regular,2019-10-12
33811895-5,5598,3961.18,regular,2016-08-29
14859157-9,6602,2941.16,regular,2010-03-04
38622677-X,8687,4836.7,regular,2011-08-28
28297960-4,9599,796.1,regular,2017-07-04
38709698-7,2370,1900.34,regular,2015-11-27
03563242-1,4006,73829.03,vip,2010-07-08
85324504-2,7760,3547.22,regular,2021-06-01
67192246-3,5522,3755.57,regular,2014-10-13
99170303-4,9384,734.83,regular,2026-11-22
03688868-1,8278,50999.48,vip,2010-11-07
49410040-6,8538,32.3,regular,2020-07-27
06620150-2,5559,185491.92,business,2026-03-13
72308228-4,1810,4081.28,regular,2019-09-09
62611544-9,6256,87084.34,vip,2021-08-01
31907643-6,6784,4726.17,regular,2026-09-14
23196327-6,4459,3619.35,regular,2022-03-29
92412893-5,8472,2513.52,regular,2018-04-26
62749165-9,9938,1131.85,regular,2019-10-07
70794573-2,5087,4352.23,regular,2021-07-10
79773637-5,4796,4600.34,regular,2025-01-28
13960560-X,5697,3054.29,regular,2018-03-31
72249798-3,4076,93326.65,vip,2021-09-25
26650944-1,7315,1094.09,regular,2026-11-13
81609636-7,7479,1027.72,regular,2013-03-23
42555412-7,6499,2958.71,regular,2017-08-23
31121330-1,9174,4788.64,regular,2025-09-02
55225653-6,4091,1900.23,regular,2016-10-19
44269902-1,3510,1177.5,regular,2016-08-01
28417490-X,6227,1276.48,regular,2012-02-05
23847519-7,2960,11841.62,vip,2019-03-16
59892748-X,7094,2266.0,regular,2018-09-25
06545982-7,3650,120707.6,business,2020-10-08
50634877-9,6798,2222.42,regular,2014-06-02
03139907-4,2483,2956.7,regular,2019-05-18
35688880-X,6784,1144.59,regular,2021-01-19
22486435-8,2817,4747.02,regular,2015-12-23
69424746-2,4032,373.51,regular,2023-07-06
19186274-5,7817,4399.43,regular,2012-03-18
12664799-6,9628,739.81,regular,2015-02-13
65094349-9,8631,4587.91,regular,2025-03-12
42071599-3,5478,1936.59,regular,2024-10-09
45735726-7,4280,4487.55,regular,2017-11-15
24428306-9,7196,426969.55,business,2013-06-03
71314806-X,4330,3528.31,regular,2022-11-14
11624431-6,6822,4486.24,regular,2017-08-30
16891241-4,4251,4514.11,regular,2025-11-13
83339923-9,3491,2174.68,regular,2012-01-18
30354849-1,7204,426894.4,business,2022-10-07
01984431-X,5598,815.27,regular,2020-05-13
44977407-2,9628,4099.24,regular,2022-02-02
42440959-3,9820,37149.2,vip,2023-04-23
72160544-9,3995,619.81,regular,2022-07-04
79324117-8,6730,839.74,regular,2014-03-06
40739321-9,5598,86897.2,vip,2014-04-12
77895303-2,7330,3255.88,regular,2026-08-11
44571730-2,7204,4450.78,regular,2021-04-21
15767176-9,5508,888.91,regular,2020-03-19
49330320-X,5708,4692.37,regular,2020-12-28
11366352-5,7817,1093.07,regular,2025-06-12
87424959-3,8472,67166.39,vip,2020-08-31
53013923-3,8372,3870.46,regular,2015-07-28
92036541-X,7204,1796.92,regular,2010-07-28
62381363-4,9628,4593.82,regular,2021-12-11
56633538-7,7596,2881.72,regular,2021-04-12
68301273-X,4076,4016.34,regular,2023-12-13
05747715-1,7596,26187.71,vip,2011-04-30
39925487-1,4251,3072.37,regular,2022-03-08
04039130-2,4330,72990.79,vip,2025-03-12
21733031-2,3391,3937.81,regular,2011-07-27
05528912-4,9174,431.44,regular,2016-07-26
36946710-1,9384,298.24,regular,2013-08-20
81381842-X,2483,3241.02,regular,2013-02-25
60261563-9,3195,175.47,regular,2017-10-04
55467010-7,8687,44.03,regular,2013-11-24
67566008-5,7330,16833.12,vip,2014-09-22
46340955-1,9259,2016.74,regular,2020-10-25
50125389-6,8372,84770.66,vip,2017-06-09
27927350-X,5508,2527.89,regular,2017-10-18
27158639-X,6730,4529.21,regular,2012-08-12
76615278-2,6539,58422.78,vip,2023-10-31
03726672-6,7704,1187.6,regular,2014-01-11
